0.0,5804.2,5090.9,5093.7,536.3,605.7,678.0,771.0,703.0,1029.5,612.2,1250.2,1069.2,4751.1,162.7,786.5,4560.4,1071.7,1382.7,1364.3,1505.3,1499.2,2103.6,4068.7,3715.5,4097.0,3991.7,3338.2,1863.8,3782.1,4266.5,3995.1,3995.1,3471.9,3687.2,3926.9,3987.1,4397.9,4375.5,3649.3,1551.2,1565.3,833.0,3900.0,1614.1,5155.1,3715.7,689.9,3648.5,4562.9,345.8,344.5,1252.6,1034.2,649.1,3638.1,3779.3,3715.1,1734.4,3410.6,3909.0,2286.5,3526.9,5951.8,1252.1,1028.4,3694.9,1026.5,1347.3,1986.3,4203.4,2598.0,3471.4,985.3,3626.8,3580.2,3831.3,3638.4,910.0,3229.5,1567.1,3976.7,773.2,3569.7,1247.3,446.6,770.9,2670.3,1818.4,808.8,1637.5,499.7,4294.6,724.6
4837.1,0.0,4508.3,4511.1,5143.3,5212.6,5284.9,6500.0,4380.2,6138.9,4280.9,5961.9,4533.0,4168.5,4825.3,4971.6,3977.7,6181.1,6173.6,6155.2,6296.2,6290.1,6815.3,8213.2,7860.0,8241.4,8136.2,7482.6,6575.5,3101.5,3585.9,3314.5,3314.5,2791.3,3006.6,3246.3,3306.5,3717.3,3694.9,7793.7,6342.1,5029.1,4296.8,8044.5,6405.1,10427.5,7860.2,4802.0,7793.0,3980.2,4612.8,4614.1,5964.3,6098.2,6370.8,7782.6,7923.7,7859.5,6435.2,2730.0,3228.4,3362.4,7353.9,9778.8,6361.5,6137.9,3014.3,5081.5,6048.1,4633.2,3522.8,7309.8,2790.8,5040.2,2946.2,7724.6,3150.7,2957.8,5621.7,3466.3,6268.0,3296.1,6502.2,2889.1,3916.5,5053.6,4937.8,7371.2,6519.3,4942.0,5101.3,4554.6,3614.0,5331.5
6882.6,6568.3,0.0,2.8,6595.5,6664.8,6737.1,6830.1,7257.4,5877.8,7109.8,6478.0,7566.8,10736.8,6819.2,6352.0,10546.1,5920.0,5376.6,5565.2,5706.2,5260.1,4148.5,3704.9,3351.7,3733.1,3627.9,2974.3,5071.4,9669.8,10154.2,9882.8,9882.8,9359.6,9575.0,9814.7,9874.8,10285.6,10263.2,3285.4,5752.1,8062.9,7330.6,3536.2,5325.2,5919.2,3351.9,6507.5,3284.7,10548.6,6900.2,6898.8,6480.4,5725.1,6708.2,3274.3,3415.4,3351.3,6298.4,9298.3,9796.7,9930.7,13922.2,10919.1,6030.6,5876.8,9582.6,7524.2,5712.5,7089.3,10091.1,3654.1,9359.1,7482.9,9514.6,3216.3,9719.0,9526.1,6137.8,10034.6,5932.4,9864.4,6832.3,9457.4,7691.2,6625.7,6549.2,5522.8,5275.8,6374.3,8135.1,6997.3,10182.3,6783.7
6879.8,6565.5,11073.8,0.0,6592.7,6662.0,6734.3,6827.4,7254.6,5875.0,7107.0,6475.2,7564.1,10734.0,6816.4,6349.2,10543.3,5917.2,5373.9,5562.4,5703.5,5257.4,4145.7,3702.1,3348.9,3730.4,3625.1,2971.6,5068.6,9667.0,10151.4,9880.0,9880.0,9356.8,9572.2,9811.9,9872.0,10282.8,10260.4,3282.7,5749.3,8060.1,7327.9,3533.4,5322.4,5916.4,3349.1,6504.7,3281.9,10545.8,6897.4,6896.1,6477.6,5722.4,6705.4,3271.5,3412.6,3348.5,6295.6,9295.5,9793.9,9927.9,13919.4,10916.3,6027.9,5874.0,9579.8,7521.4,5709.7,7086.5,10088.3,3651.3,9356.4,7480.1,9511.8,3213.6,9716.2,9523.3,6135.0,10031.9,5929.6,9861.7,6829.6,9454.7,7688.5,6622.9,6546.5,5520.0,5273.0,6371.5,8132.3,6994.5,10179.5,6780.9
1344.1,7572.8,6050.1,6052.9,0.0,132.1,141.7,297.5,1719.0,671.1,1571.4,1079.8,2028.4,5710.3,1280.8,1814.5,5519.6,713.2,1024.3,1005.9,1146.9,1140.8,1661.7,2979.1,4356.2,4737.6,4632.4,3978.8,1421.9,4741.2,5225.7,4954.3,4954.3,4431.0,4646.4,4886.1,4946.3,5357.1,5334.7,4289.9,1192.7,2524.5,1792.2,2386.5,1255.7,6923.7,4356.4,1705.8,4289.2,5522.1,1361.7,1360.4,1082.2,675.7,589.8,4278.8,4419.9,4355.7,2750.3,4369.8,4868.1,3245.7,4486.1,6849.6,893.7,670.0,4654.1,1985.7,2363.2,3002.2,5162.6,2156.1,4430.6,1944.5,4586.0,4220.8,4790.5,4597.6,1925.9,4188.7,2583.1,4935.9,299.7,4528.9,2206.5,1087.3,1786.9,2984.1,2777.5,1836.8,2596.7,1458.9,5253.7,251.0
1385.4,7614.1,6091.4,6094.2,802.9,0.0,944.6,338.8,1760.3,712.4,1612.7,1121.1,2069.7,5751.6,1322.1,1855.8,5560.9,754.5,1065.6,1047.2,1188.2,1182.1,1703.0,3020.4,4397.5,4778.9,4673.7,4020.1,1463.2,4782.5,5267.0,4995.6,4995.6,4472.3,4687.7,4927.4,4987.6,5398.4,5376.0,4331.2,1234.0,2565.8,1833.5,2427.8,1297.0,6965.0,4397.7,1747.1,4330.5,5563.4,1403.1,1401.7,1123.5,717.1,631.1,4320.1,4461.2,4397.1,2791.6,4411.1,4909.4,3287.0,4527.4,6890.9,935.0,711.3,4695.4,2027.0,2404.5,3043.5,5203.9,2197.4,4471.9,1985.8,4627.3,4262.1,4831.8,4638.9,1967.2,4230.0,2624.4,4977.2,341.0,4570.2,2247.8,1128.6,1828.2,3025.4,2818.8,1878.1,2638.0,1500.2,5295.0,118.9
1333.9,7562.6,6039.9,6042.6,751.4,883.5,0.0,287.2,1708.7,660.8,1561.1,1069.5,2018.1,5700.0,1270.5,1804.2,5509.3,703.0,1014.0,995.6,1136.6,1130.5,1651.4,2968.8,4345.9,4727.4,4622.2,3968.6,1411.6,4731.0,5215.4,4944.0,4944.0,4420.8,4636.2,4875.9,4936.0,5346.8,5324.4,4279.7,1182.5,2514.2,1782.0,2376.2,1245.5,6913.4,4346.1,1695.6,4278.9,5511.8,1351.5,1350.1,1072.0,665.5,579.6,4268.5,4409.7,4345.5,2740.0,4359.5,4857.9,3235.4,4475.8,6839.3,883.4,659.7,4643.8,1975.5,2352.9,2992.0,5152.3,2145.8,4420.3,1934.2,4575.8,4210.6,4780.2,4587.3,1915.6,4178.4,2572.8,4925.6,289.4,4518.6,2196.3,1077.0,1776.6,2973.8,2767.3,1826.5,2586.4,1448.6,5243.5,1002.4
1046.7,7275.4,5752.6,5755.4,464.2,596.3,605.8,0.0,1421.5,373.6,1273.9,782.3,1730.9,5412.8,983.3,1517.0,5222.1,415.8,726.8,708.4,849.4,843.3,1364.2,2681.6,4058.7,4440.2,4335.0,3681.4,1124.4,4443.8,4928.2,4656.8,4656.8,4133.6,4349.0,4588.7,4648.8,5059.6,5037.2,3992.5,895.3,2227.0,1494.8,2089.0,958.3,6626.2,4058.9,1408.4,3991.7,5224.6,1064.3,1062.9,784.7,378.3,292.4,3981.3,4122.5,4058.3,2452.8,4072.3,4570.7,2948.2,4188.6,6552.1,596.2,372.5,4356.6,1688.3,2065.7,2704.8,4865.1,1858.6,4133.1,1647.0,4288.6,3923.4,4493.0,4300.1,1628.4,3891.2,2285.6,4638.4,2.2,4231.4,1909.1,789.8,1489.4,2686.6,2480.1,1539.3,2299.2,1161.4,4956.3,715.2
581.6,5984.2,4578.0,4580.8,997.0,1066.3,1138.7,1231.7,0.0,1490.2,134.7,1430.1,556.3,4238.2,679.0,517.6,4047.5,1532.4,1641.8,1623.4,1764.5,1758.3,2283.6,4529.4,4176.2,4557.7,4452.4,3798.8,2043.7,3269.2,3753.6,3482.2,3482.2,2959.0,3174.3,3414.1,3474.2,3885.0,3862.6,4110.0,1810.3,1052.4,320.1,3008.4,1873.3,5335.1,4176.4,365.6,4109.2,4050.0,445.0,443.7,1432.5,1566.4,1109.8,4098.8,4239.9,4175.8,1914.3,2897.7,3396.1,1773.6,3014.0,5438.9,1712.8,1489.1,3182.0,935.2,1527.2,983.6,3690.5,2778.0,2958.5,893.9,3113.9,4040.8,3318.4,3125.5,1089.9,2716.6,1747.1,3463.8,1233.9,3056.8,734.4,907.3,446.6,2850.3,1998.4,586.5,1124.6,408.4,3781.7,1185.3
1161.8,6062.5,5867.8,5870.6,579.3,711.4,721.0,536.7,1536.6,0.0,1389.0,897.5,1846.1,5528.0,1098.4,1632.2,5337.2,42.2,472.9,454.5,595.5,589.4,1110.3,2427.7,2496.9,2770.9,2665.7,2012.1,870.5,4558.9,5043.3,4772.0,4772.0,4248.7,4464.1,4703.8,4764.0,5174.8,5152.4,2779.6,641.4,2342.2,1609.9,1835.1,704.3,5413.3,2846.0,1523.5,2778.8,5339.7,1179.4,1178.1,899.9,124.4,407.5,2768.4,2909.6,2845.4,2568.0,4187.5,4685.8,3063.4,4303.8,6298.2,222.6,1.1,4471.8,1803.4,2180.9,2819.9,4980.3,1604.7,4248.3,1762.2,4403.7,2710.5,4608.2,4415.3,1743.6,4006.4,2400.8,4753.6,538.9,4346.6,2024.2,905.0,1604.5,2359.7,2153.1,1654.5,2414.4,1276.6,5071.4,830.4
556.2,5978.8,4478.7,4481.5,862.4,931.7,1004.0,1097.0,134.7,1355.5,0.0,1424.7,457.0,4138.9,544.3,652.2,3948.2,1397.7,1636.4,1618.0,1759.0,1752.9,2278.1,4394.8,4041.5,4423.0,4317.8,3664.2,2038.3,3169.9,3654.3,3382.9,3382.9,2859.7,3075.1,3314.8,3374.9,3785.7,3763.3,3975.3,1804.9,953.1,220.9,4226.0,1867.9,5329.6,4041.7,500.2,3974.5,3950.7,331.8,333.2,1427.1,1360.2,975.1,3964.2,4105.3,4041.1,1908.9,2798.4,3296.8,1674.3,2914.7,5339.6,1578.1,1354.5,3082.7,800.5,1521.8,1365.9,3591.2,2772.6,2859.2,759.3,3014.7,3906.2,3219.1,3026.2,1084.5,2617.3,1741.6,3364.5,1099.2,2957.5,635.2,772.6,581.3,2844.8,1992.9,721.2,1025.3,273.7,3682.4,1050.6
1163.3,6119.8,5869.2,5872.0,580.8,712.9,722.4,538.1,1538.1,177.1,1390.5,0.0,1847.5,5529.4,1099.9,1633.6,5338.7,219.2,530.3,511.9,652.9,646.8,1167.7,2485.1,2554.3,2828.3,2723.0,2069.5,927.9,4560.4,5044.8,4773.4,4773.4,4250.2,4465.5,4705.3,4765.4,5176.2,5153.8,2837.0,698.7,2343.6,1611.3,1892.5,761.7,5470.7,2903.4,1524.9,2836.2,5341.2,1180.9,1179.5,2.4,181.8,409.0,2825.8,2967.0,2902.8,2569.4,4188.9,4687.3,3064.8,4305.2,6355.6,399.7,176.0,4473.2,1804.9,2182.3,2821.3,4981.7,1662.1,4249.7,1763.6,4405.1,2767.9,4609.6,4416.7,1745.0,4007.8,2402.2,4755.0,540.3,4348.0,2025.6,906.4,1606.0,2417.1,2210.5,1655.9,2415.8,1278.0,5072.9,831.8
993.6,6416.1,4788.1,4790.9,1299.7,1369.0,1441.4,1534.4,536.6,1792.9,437.4,1862.0,0.0,4448.2,981.7,1054.2,4257.5,1835.0,2073.8,2055.4,2196.4,2190.3,2715.5,4832.1,4478.9,4860.4,4755.1,4101.5,2475.7,3479.2,3963.6,3692.3,3692.3,3169.0,3384.4,3624.1,3684.3,4095.1,4072.6,4412.6,2242.2,587.1,453.3,4663.4,2305.2,5767.0,4479.1,902.2,4411.9,4260.0,769.2,770.5,1864.5,1797.6,1412.5,4401.5,4542.6,4478.5,2346.2,3107.7,3606.1,1983.6,2548.8,4973.6,2015.5,1791.8,3392.1,1237.9,1959.1,1675.2,3900.5,3209.9,3168.6,1196.6,3324.0,4343.5,3528.5,3335.5,1521.8,2926.7,2179.0,3673.9,1536.6,3266.9,944.5,1210.0,983.2,3282.2,2430.3,1123.2,659.4,711.1,3991.7,1488.0
7222.4,6908.1,339.8,342.6,6935.3,7004.6,7076.9,7170.0,7597.2,6217.6,7449.6,6817.8,7906.7,0.0,7159.0,6691.9,10885.9,6259.8,5716.5,5905.1,6046.1,5600.0,4488.3,4044.7,3691.5,4073.0,3967.8,3314.2,5411.2,10009.6,10494.0,10222.7,10222.7,9699.4,9914.8,10154.5,10214.7,10625.5,10603.0,3625.3,6091.9,8402.7,7670.5,3876.0,5665.1,6259.0,3691.7,6847.3,3624.5,10888.4,7240.0,7238.7,6820.2,6065.0,7048.0,3614.1,3755.3,3691.1,6638.2,9638.1,10136.5,10270.5,14262.0,11258.9,6370.5,6216.6,9922.5,7864.0,6052.4,7429.1,10430.9,3993.9,9699.0,7822.7,9854.4,3556.2,10058.9,9865.9,6477.6,10374.5,6272.2,10204.3,7172.2,9797.3,8031.1,6965.5,6889.1,5862.6,5615.6,6714.1,8475.0,7337.2,10522.1,7123.6
370.0,5846.1,5035.0,5037.7,578.1,647.5,719.8,812.8,690.9,1071.3,556.2,1292.0,1013.3,4695.1,0.0,828.3,4504.4,1113.5,1424.5,1406.1,1547.1,1541.0,2145.4,4110.6,3757.3,4138.8,4033.6,3380.0,1905.6,3726.1,4210.5,3939.1,3939.1,3415.9,3631.3,3871.0,3931.1,4341.9,4319.5,3691.1,1593.0,1509.3,777.1,3941.8,1656.0,5196.9,3757.5,731.7,3690.3,4506.9,394.4,395.8,1294.4,1076.0,690.9,3679.9,3821.1,3756.9,1776.2,3354.6,3853.0,2230.5,3471.0,5895.8,1293.9,1070.3,3638.9,970.6,1389.1,2028.1,4147.4,2639.9,3415.5,929.3,3570.9,3622.0,3775.3,3582.4,951.8,3173.6,1609.0,3920.8,815.0,3513.8,1191.4,488.4,812.7,2712.1,1860.3,850.6,1581.6,443.8,4238.6,766.4
669.3,5547.5,5202.3,5205.1,1160.4,1140.7,1302.0,1306.1,517.6,1170.5,652.2,993.4,1073.9,4862.5,832.6,0.0,4671.8,1212.7,1205.2,1186.8,1327.8,1321.7,1846.9,3164.3,3366.3,3747.8,3642.6,2989.0,1607.1,3893.5,4377.9,4106.5,4106.5,3583.3,3798.6,4038.3,4098.5,4509.3,4486.9,3300.1,1373.7,1570.0,837.7,2571.7,1436.6,4898.4,3366.5,209.5,3299.3,4674.3,583.9,582.5,995.9,1129.8,1273.1,3288.9,3430.1,3365.9,1477.6,3522.0,4020.4,2397.9,7228.5,9653.3,1393.1,1169.4,3806.3,1330.1,1090.5,756.8,4314.8,2341.3,3582.8,1288.8,3738.2,3231.0,3942.7,3749.8,653.3,3340.9,1310.4,4088.1,1308.3,3681.1,1358.7,1070.6,251.3,2413.6,1561.7,69.0,1642.2,803.2,4406.0,1259.6
7413.1,7098.9,530.6,533.3,7126.0,7195.3,7267.7,7360.7,7787.9,6408.4,7640.3,7008.5,8097.4,190.7,7349.7,6882.6,0.0,6450.5,5907.2,6095.8,6236.8,5790.7,4679.0,4235.5,3882.2,4263.7,4158.5,3504.9,5601.9,10200.3,10684.8,10413.4,10413.4,9890.1,10105.5,10345.2,10405.4,10816.2,10793.8,3816.0,6282.6,8593.5,7861.2,4066.7,5855.8,6449.7,3882.4,7038.1,3815.2,2.5,7430.7,7429.4,7011.0,6255.7,7238.8,3804.9,3946.0,3881.8,6828.9,9828.9,10327.2,10461.3,14452.8,11449.6,6561.2,6407.3,10113.2,8054.7,6243.1,7619.8,10621.7,4184.6,9889.7,8013.4,10045.1,3746.9,10249.6,10056.7,6668.3,10565.2,6463.0,10395.0,7362.9,9988.0,8221.8,7156.3,7079.8,6053.3,5806.3,6904.9,8665.7,7527.9,10712.8,7314.3
1204.0,6104.6,5910.0,5912.8,621.5,753.6,763.2,578.8,1578.8,42.2,1431.2,939.6,1888.3,5570.1,1140.6,1674.4,5379.4,0.0,515.1,496.7,637.7,631.6,1152.5,2469.9,2539.1,2813.1,2707.8,2054.3,912.7,4601.1,5085.5,4814.2,4814.2,4290.9,4506.3,4746.0,4806.2,5217.0,5194.5,2821.8,683.5,2384.4,1652.1,1877.3,746.5,5455.5,2888.2,1565.7,2821.0,5381.9,1221.6,1220.3,942.1,166.6,449.7,2810.6,2951.8,2887.6,2610.2,4229.6,4728.0,3105.5,4346.0,6340.4,196.0,43.2,4514.0,1845.6,2223.1,2862.1,5022.4,1646.9,4290.5,1804.3,4445.9,2752.7,4650.4,4457.4,1785.8,4048.6,2442.9,4795.8,581.0,4388.8,2066.4,947.2,1646.7,2401.9,2195.3,1696.7,2456.6,1318.8,5113.6,872.5
1487.4,5589.6,7898.9,7901.7,904.9,1037.0,1046.5,862.2,1862.2,501.2,1714.6,1223.0,2171.6,7559.1,1424.0,1957.7,7368.4,543.3,0.0,188.6,329.6,116.5,637.4,1954.8,2024.0,2298.0,2192.8,1539.2,397.6,6590.0,7074.5,6803.1,6803.1,6279.9,6495.2,6734.9,6795.1,7205.9,7183.5,2306.7,375.4,2667.7,1935.4,1362.2,231.5,4940.5,2373.2,1849.0,2306.0,7370.9,1505.0,1503.6,1225.4,348.5,733.1,2295.6,2436.7,2372.5,2662.5,6218.6,6717.0,5094.5,4629.3,5825.3,654.0,500.1,6502.9,2129.0,2076.6,3453.4,7011.4,1131.8,6279.4,2087.7,6434.8,2237.6,6639.3,6446.4,2501.9,6037.5,2296.5,6784.7,864.4,6377.7,4055.3,1230.5,1930.1,1886.8,1680.3,1980.0,2739.9,1602.1,7102.5,1155.9
1469.0,5778.2,6175.0,6177.7,886.5,1018.6,1028.1,843.8,1843.8,482.8,1696.2,1204.6,2153.3,5835.1,1405.6,1939.3,5644.4,525.0,188.6,0.0,141.0,305.1,826.0,2143.4,2212.6,2486.6,2381.4,1727.8,586.2,4866.1,5350.5,5079.1,5079.1,4555.9,4771.3,5011.0,5071.1,5481.9,5459.5,2495.3,186.9,2649.3,1917.1,1550.8,420.0,5129.0,2561.7,1830.7,2494.6,5646.9,1486.6,1485.3,1207.1,330.1,714.7,2484.2,2625.3,2561.1,2851.0,4494.6,4993.0,3370.5,4611.0,6013.9,635.6,481.7,4778.9,2110.6,2265.2,3641.9,5287.4,1320.4,4555.4,2069.3,4710.9,2426.2,4915.3,4722.4,2050.8,4313.5,2485.1,5060.7,846.0,4653.8,2331.4,1212.1,1911.7,2075.4,1868.8,1961.6,2721.6,1583.7,5378.6,1137.5
1610.0,5919.2,6316.0,6318.7,1027.5,1159.6,1169.1,984.8,1984.8,623.8,1837.2,1345.6,2294.3,5976.1,1546.6,2080.4,5785.4,666.0,329.6,141.0,0.0,446.1,967.0,2284.4,2353.6,2627.6,2522.4,1868.8,727.2,5007.1,5491.5,5220.1,5220.1,4696.9,4912.3,5152.0,5212.1,5622.9,5600.5,2636.3,221.7,2790.3,2058.1,1691.8,561.0,5270.1,2702.8,1971.7,2635.6,5787.9,1627.6,1626.3,1348.1,471.1,855.7,2625.2,2766.3,2702.1,2992.0,4635.6,5134.0,3511.5,4752.0,6154.9,776.6,622.7,4919.9,2251.6,2406.2,3783.0,5428.4,1461.4,4696.4,2210.3,4851.9,2567.2,5056.3,4863.4,2191.8,4454.6,2626.1,5201.8,987.0,4794.8,2472.4,1353.1,2052.7,2216.4,2009.8,2102.6,2862.6,1724.7,5519.6,1278.5
1603.9,5473.1,7782.4,7785.2,1021.4,1153.5,1163.0,978.7,1978.7,617.7,1831.1,1339.5,2288.1,7442.6,1540.5,2599.6,7251.9,659.8,116.5,305.1,446.1,0.0,520.9,1838.3,1907.5,2181.5,2076.3,1422.7,281.1,6473.6,6958.0,6686.6,6686.6,6163.4,6378.7,6618.4,6678.6,7089.4,7067.0,2190.2,491.9,2784.2,2051.9,1245.7,115.0,4824.0,2256.7,1965.5,2189.5,7254.4,1621.5,1620.1,1341.9,465.0,849.6,2179.1,2320.2,2256.0,2546.0,6102.1,6600.5,4978.0,9808.6,5708.8,770.5,616.6,6386.4,2245.5,1960.1,3336.9,6894.9,1015.3,6162.9,2204.2,6318.3,2121.1,6522.8,6329.9,2385.4,5921.0,2180.0,6668.2,980.9,6261.2,3938.8,1347.0,2046.6,1770.3,1563.8,2621.9,2856.4,1718.6,6986.1,1272.4
2468.9,5163.7,7462.6,7465.3,1546.2,1678.3,1687.8,1503.5,2743.3,1142.5,2764.8,2405.7,3221.9,7122.7,2065.3,2279.7,6932.0,1184.6,641.3,829.9,970.9,524.8,0.0,1317.4,1636.8,1910.8,1805.5,1152.0,336.0,6153.7,6638.1,6366.7,6366.7,5843.5,6058.9,6298.6,6358.7,6769.5,6747.1,1880.8,1016.7,3718.0,2985.7,724.8,589.9,4514.6,1947.3,2435.2,1880.1,6934.5,2433.0,2431.7,2408.1,989.8,1374.4,1869.7,2010.8,1687.5,2226.1,5782.2,6280.6,4658.1,9488.7,6183.7,1295.3,1141.4,6066.5,3179.2,1640.2,3017.0,6575.0,494.4,5843.0,3137.9,5998.5,1545.6,6202.9,6010.0,2065.5,5601.1,1860.1,6348.3,1505.7,5941.3,3619.0,1871.8,2477.0,1450.5,1243.9,2302.0,3790.2,2652.4,6666.2,1797.2
3589.6,5008.2,8583.3,8586.1,2666.9,2799.0,2808.5,2624.2,3864.0,2263.2,3885.6,3526.4,4342.6,8243.4,3186.0,3400.5,8052.7,2305.4,1762.0,1950.6,2091.6,1645.5,1120.7,0.0,1321.3,1595.3,1490.0,836.5,1456.7,8109.7,8594.1,8322.8,8322.8,7799.5,8014.9,8254.6,8314.8,8725.6,8703.1,1725.4,2137.5,4838.7,4106.4,615.5,1710.6,4359.1,1402.1,3556.0,1724.6,8055.2,3553.7,3552.4,3528.8,2110.5,2495.1,1479.6,1855.4,1372.0,3346.8,7738.2,8236.6,5778.8,10609.4,7304.4,2416.0,2262.1,8022.6,4299.9,2761.0,4137.7,8531.0,626.3,7799.1,4258.7,7954.5,1230.1,8159.0,7966.0,3186.2,6721.9,2980.8,8304.4,2626.4,7897.4,4739.7,2992.5,3597.7,2571.2,2364.6,3422.8,4910.9,3773.1,8622.2,2917.9
4399.6,4085.3,8593.6,8596.4,4112.5,4181.8,4254.1,4347.1,4774.4,3394.8,4626.8,3995.0,5083.8,8253.8,4336.2,3869.0,8063.1,3437.0,2893.6,3082.2,3223.2,2777.1,1860.3,1416.8,0.0,580.1,474.9,686.2,2588.4,7186.8,7671.2,7399.8,7399.8,6876.6,7092.0,7331.7,7391.8,7802.6,7780.2,650.8,3269.1,5579.9,4847.6,1248.1,2842.2,3436.2,410.1,4024.5,650.1,8065.6,4417.2,4415.8,3997.4,3242.1,4225.2,487.7,780.8,277.3,3815.4,6815.3,7313.7,7447.7,11439.2,8436.1,3547.6,3393.8,7099.6,5041.2,3229.5,4606.3,7608.1,1365.9,6876.1,4999.9,7031.5,135.3,7236.0,7043.1,3654.8,7551.6,3449.4,7381.4,4349.3,6974.4,5208.2,4142.7,4066.2,3039.8,2792.8,3891.3,5652.1,4514.3,7699.3,4300.7
4753.1,4438.9,8947.2,8949.9,4466.0,4535.3,4607.7,4700.7,5127.9,3748.3,4980.3,4348.5,5437.4,8607.3,4689.7,4222.6,8416.6,3790.5,3247.2,3435.8,3576.8,3130.7,1368.2,1770.3,580.1,0.0,105.2,1039.7,2941.9,7540.3,8024.7,7753.4,7753.4,7230.1,7445.5,7685.2,7745.4,8156.2,8133.7,1004.4,3622.6,5933.4,5201.2,1601.6,3195.8,3789.7,763.7,4378.0,1003.6,8419.1,4770.7,4769.4,4350.9,3595.7,4578.7,841.3,1134.3,630.8,4168.9,7168.8,7667.2,7801.2,11792.8,8789.6,3901.2,3747.3,7453.2,5394.7,3583.1,4959.8,7961.7,873.8,7229.7,5353.4,7385.1,488.9,7589.6,7396.6,4008.3,7905.2,3802.9,7735.0,4702.9,7328.0,5561.8,4496.3,4419.8,3393.3,3146.3,4244.9,6005.7,4867.9,8052.8,4654.3
4647.9,4333.6,8841.9,8844.7,4360.8,4430.1,4502.4,4595.5,5022.7,3643.1,4875.1,4243.3,5332.1,8502.1,4584.5,4117.3,8311.4,3685.3,3142.0,3330.5,3471.5,3025.5,2108.7,1665.1,474.9,105.2,0.0,934.5,2836.7,7435.1,7919.5,7648.1,7648.1,7124.9,7340.3,7580.0,7640.1,8050.9,8028.5,899.1,3517.4,5828.2,5096.0,1496.4,3090.5,3684.5,658.5,4272.8,898.4,8313.9,4665.5,4664.1,4245.7,3490.5,4473.5,736.0,1029.1,525.6,4063.7,7063.6,7562.0,7696.0,11687.5,8684.4,3796.0,3642.1,7347.9,5289.5,3477.8,4854.6,7856.4,1614.2,7124.4,5248.2,7279.9,383.6,7484.3,7291.4,3903.1,7800.0,3697.7,7629.7,4597.7,7222.8,5456.6,4391.0,4314.5,3288.1,3041.1,4139.6,5900.4,4762.6,7947.6,4549.0
4657.9,4343.6,8851.9,8854.7,4370.8,4440.1,4512.4,4605.4,5032.7,3653.1,4885.1,4253.3,5342.1,8512.1,4594.5,4127.3,8321.4,3695.3,3151.9,3340.5,3481.5,3035.4,2118.6,1675.1,484.8,758.8,653.6,0.0,2846.7,7445.1,7929.5,7658.1,7658.1,7134.9,7350.2,7590.0,7650.1,8060.9,8038.5,909.1,3527.4,5838.2,5105.9,1506.4,3100.5,3694.5,668.4,4282.8,908.4,8323.9,4675.5,4674.1,4255.7,3500.4,4483.5,746.0,1039.1,535.6,4073.7,7073.6,7572.0,7706.0,11697.5,8694.4,3805.9,3652.1,7357.9,5299.4,3487.8,4864.6,7866.4,1624.2,7134.4,5258.2,7289.8,393.6,7494.3,7301.4,3913.1,7809.9,3707.7,7639.7,4607.6,7232.7,5466.5,4401.0,4324.5,3298.0,3051.1,4149.6,5910.4,4772.6,7957.6,4559.0
1943.4,5259.2,7568.6,7571.4,1360.9,1493.0,1502.6,1318.3,2849.3,957.2,2170.6,1679.1,2627.7,7228.8,1880.0,2385.8,7038.0,999.4,456.1,644.6,785.6,339.6,307.1,1624.5,1693.7,1967.7,1862.4,1208.9,0.0,6259.7,6744.1,6472.8,6472.8,5949.5,6164.9,6404.6,6464.8,6875.6,6853.1,1976.4,831.5,3123.8,2391.5,1031.9,404.6,4610.1,2042.8,2541.3,1975.6,7040.5,2539.0,2537.7,1681.5,804.6,1189.1,1965.2,2106.4,2042.2,2332.1,5888.2,6386.6,4764.1,9594.7,5998.5,1110.1,956.2,6172.6,2585.0,1746.3,3123.0,6681.1,801.5,5949.1,2543.7,6104.5,1907.3,6309.0,6116.0,2171.5,5707.2,1966.1,6454.4,1320.4,6047.4,3725.0,1686.6,2583.0,1556.5,1349.9,2408.1,3196.0,2058.2,6772.2,1612.0
4027.1,10266.6,3698.3,3701.1,4333.3,4402.6,4474.9,5689.9,3570.2,5328.9,3470.9,5151.9,3723.0,3358.4,4015.2,4161.6,3167.7,5371.1,5363.6,5345.2,5486.2,5480.1,6005.3,7403.2,7049.9,7431.4,7326.2,6672.6,5765.5,0.0,149.8,237.8,237.8,310.2,373.6,169.6,229.8,955.8,933.4,6983.7,5532.1,4219.1,3486.8,7234.5,5595.1,9617.5,7050.2,3991.9,6983.0,3170.2,3802.7,3804.1,5154.3,5288.2,5560.8,6972.6,7113.7,7049.5,5625.2,401.5,189.9,2552.4,6543.9,8968.7,5551.5,5327.9,785.0,4271.4,5238.1,3823.2,761.3,6499.7,310.6,4230.2,313.2,6914.6,517.7,862.1,4811.7,2656.3,5458.0,257.7,5692.1,1131.0,3106.5,4243.6,4127.7,6561.2,5709.3,4132.0,4291.3,3744.6,277.1,4521.5
4343.4,10582.8,4014.5,4017.3,4649.5,4718.8,4791.2,6006.2,3886.4,5645.2,3787.1,5468.1,4039.2,3674.7,4331.5,4477.8,3484.0,5687.3,5679.8,5661.5,5802.5,5796.3,6321.6,7719.4,7366.2,7747.7,7642.4,6988.8,6081.7,149.8,0.0,339.8,339.8,460.0,531.7,271.7,379.6,806.0,783.6,7299.9,5848.3,4535.3,3803.1,7550.7,5911.3,9933.7,7366.4,4308.2,7299.2,3486.5,4119.0,4120.3,5470.5,5604.4,5877.1,7288.8,7429.9,7365.8,5941.4,551.3,339.7,2868.6,6860.1,9285.0,5867.8,5644.1,635.3,4587.7,5554.3,4139.5,611.5,6816.0,460.4,4546.4,463.0,7230.8,667.4,1011.9,5127.9,2972.5,5774.2,407.5,6008.4,1280.8,3422.7,4559.8,4444.0,6877.4,6025.5,4448.2,4607.5,4060.9,127.3,4837.8
4583.9,10823.4,4255.1,4257.8,4890.0,4959.4,5031.7,6246.7,4127.0,5885.7,4027.7,5708.6,4279.8,3915.2,4572.0,4718.3,3724.5,5927.9,5920.4,5902.0,6043.0,6036.9,6562.1,7960.0,7606.7,7988.2,7883.0,7229.4,6322.3,489.6,339.8,0.0,0.0,799.8,772.3,68.2,719.4,1046.6,1024.1,7540.5,6088.9,4775.9,4043.6,7791.2,6151.8,10174.2,7606.9,4548.7,7539.8,3727.0,4359.5,4360.9,5711.1,5845.0,6117.6,7529.4,7670.5,7606.3,6182.0,891.1,679.5,3109.1,7100.7,9525.5,6108.3,5884.6,875.8,4828.2,5794.9,4380.0,852.1,7056.5,800.2,4787.0,802.8,7471.4,1007.3,1351.7,5368.5,3213.1,6014.8,741.5,6248.9,1620.6,3663.3,4800.3,4684.5,7118.0,6266.1,4688.8,4848.1,4301.4,212.5,5078.3
4583.9,10823.4,4255.1,4257.8,4890.0,4959.4,5031.7,6246.7,4127.0,5885.7,4027.7,5708.6,4279.8,3915.2,4572.0,4718.3,3724.5,5927.9,5920.4,5902.0,6043.0,6036.9,6562.1,7960.0,7606.7,7988.2,7883.0,7229.4,6322.3,489.6,339.8,0.0,0.0,799.8,772.3,68.2,719.4,1046.6,1024.1,7540.5,6088.9,4775.9,4043.6,7791.2,6151.8,10174.2,7606.9,4548.7,7539.8,3727.0,4359.5,4360.9,5711.1,5845.0,6117.6,7529.4,7670.5,7606.3,6182.0,891.1,679.5,3109.1,7100.7,9525.5,6108.3,5884.6,875.8,4828.2,5794.9,4380.0,852.1,7056.5,800.2,4787.0,802.8,7471.4,1007.3,1351.7,5368.5,3213.1,6014.8,741.5,6248.9,1620.6,3663.3,4800.3,4684.5,7118.0,6266.1,4688.8,4848.1,4301.4,212.5,5078.3
3716.9,9956.4,3388.1,3390.9,4023.1,4092.4,4164.7,5379.8,3260.0,5018.7,3160.7,4841.7,3412.8,3048.3,3705.0,3851.4,2857.5,5060.9,5053.4,5035.0,5176.0,5169.9,5695.1,7093.0,6739.7,7121.2,7016.0,6362.4,5455.3,310.2,460.0,523.2,523.2,0.0,215.4,455.1,515.2,1266.0,1243.6,6673.5,5221.9,3908.9,3176.6,6924.3,5284.9,9307.3,6740.0,3681.7,6672.8,2860.0,3492.6,3493.9,4844.1,4978.0,5250.6,6662.4,6803.5,6739.3,5315.0,91.3,437.1,2242.2,6233.7,8658.5,5241.3,5017.7,984.6,3961.3,4927.9,3513.0,1071.5,6189.5,0.5,3920.0,155.0,6604.4,359.4,552.0,4501.5,2346.1,5147.8,504.9,5382.0,820.8,2796.3,3933.4,3817.5,6251.0,5399.1,3821.8,3981.1,3434.4,587.3,4211.3
3932.3,10171.8,3603.5,3606.2,4238.4,4307.8,4380.1,5595.1,3475.4,5234.1,3376.1,5057.0,3628.2,3263.6,3920.4,4066.7,3072.9,5276.3,5268.8,5250.4,5391.4,5385.3,5910.5,7308.4,6955.1,7336.6,7231.4,6577.8,5670.7,373.6,451.6,586.6,586.6,215.4,0.0,518.5,578.6,1141.9,1119.5,6888.9,5437.3,4124.3,3392.0,7139.6,5500.2,9522.6,6955.3,3897.1,6888.1,3075.4,3707.9,3709.3,5059.5,5193.4,5466.0,6877.7,7018.9,6954.7,5530.4,306.7,500.5,2457.5,6449.1,8873.9,5456.7,5233.0,971.2,4176.6,5143.3,3728.4,947.4,6404.9,215.8,4135.4,218.4,6819.8,422.8,767.3,4716.9,2561.5,5363.2,341.8,5597.3,1036.2,3011.7,4148.7,4032.9,6466.3,5614.5,4037.2,4196.5,3649.8,579.0,4426.7
4515.7,10755.2,4186.9,4189.7,4821.9,4891.2,4963.5,6178.6,4058.8,5817.5,3959.5,5640.5,4211.6,3847.1,4503.9,4650.2,3656.3,5859.7,5852.2,5833.8,5974.8,5968.7,6493.9,7891.8,7538.6,7920.0,7814.8,7161.2,6254.1,421.4,271.7,68.2,68.2,731.6,704.1,0.0,651.2,978.4,956.0,7472.3,6020.7,4707.7,3975.4,7723.1,6083.7,10106.1,7538.8,4480.6,7471.6,3658.8,4291.4,4292.7,5642.9,5776.8,6049.4,7461.2,7602.3,7538.2,6113.8,822.9,611.4,3041.0,7032.5,9457.4,6040.1,5816.5,807.7,4760.1,5726.7,4311.8,783.9,6988.4,732.1,4718.8,734.6,7403.2,939.1,1283.6,5300.3,3144.9,5946.6,673.4,6180.8,1552.4,3595.1,4732.2,4616.4,7049.8,6197.9,4620.6,4779.9,4233.2,144.3,5010.2
4487.8,10727.3,4159.0,4161.7,4794.0,4863.3,4935.6,6150.6,4030.9,5789.6,3931.6,5612.5,4183.7,3819.1,4475.9,4622.3,3628.4,5831.8,5824.3,5805.9,5946.9,5940.8,6466.0,7863.9,7510.6,7892.1,7786.9,7133.3,6226.2,69.9,144.5,307.7,307.7,380.1,443.5,239.5,0.0,950.5,928.1,7444.4,5992.8,4679.8,3947.5,7695.2,6055.7,10078.2,7510.9,4452.6,7443.7,3630.9,4263.4,4264.8,5615.0,5748.9,6021.5,7433.3,7574.4,7510.2,6085.9,471.4,259.8,3013.1,7004.6,9429.4,6012.2,5788.6,779.7,4732.1,5698.8,4283.9,756.0,6960.4,380.6,4690.9,383.1,7375.3,587.6,932.1,5272.4,3117.0,5918.7,327.6,6152.8,1200.9,3567.2,4704.2,4588.4,7021.9,6170.0,4592.7,4752.0,4205.3,271.8,4982.2
4347.9,10587.4,4019.1,4021.9,4654.1,4723.4,4795.7,6010.8,3891.0,5649.7,3791.7,5472.7,4043.8,3679.3,4336.1,4482.4,3488.5,5691.9,5684.4,5666.0,5807.0,5800.9,6326.2,7724.0,7370.8,7752.2,7647.0,6993.4,6086.3,955.0,805.2,1045.8,1045.8,1265.2,1105.2,977.6,1184.8,0.0,147.8,7304.5,5852.9,4539.9,3807.6,7555.3,5915.9,9938.3,7371.0,4312.8,7303.8,3491.1,4123.6,4124.9,5475.1,5609.0,5881.6,7293.4,7434.5,7370.4,5946.0,1356.5,1144.9,2873.2,6864.7,9289.6,5872.3,5648.7,639.9,4592.3,5558.9,4144.0,205.1,6820.6,1265.6,4551.0,1268.2,7235.4,1472.7,2566.6,5132.5,2977.1,5778.8,1074.4,6013.0,1796.5,3427.3,4564.4,4448.6,6882.0,6030.1,4452.8,4612.1,4065.4,833.3,4842.4
4325.5,10565.0,3996.7,3999.5,4631.7,4701.0,4773.3,5988.4,3868.6,5627.3,3769.3,5450.3,4021.4,3656.9,4313.6,4460.0,3466.1,5669.5,5662.0,5643.6,5784.6,5778.5,6303.7,7701.6,7348.3,7729.8,7624.6,6971.0,6063.9,932.6,782.8,1023.3,1023.3,1242.8,1082.8,955.2,1162.4,147.8,0.0,7282.1,5830.5,4517.5,3785.2,7532.9,5893.5,9915.9,7348.6,4290.3,7281.4,3468.6,4101.2,4102.5,5452.7,5586.6,5859.2,7271.0,7412.1,7347.9,5923.6,1334.1,1122.5,2850.8,6842.3,9267.1,5849.9,5626.3,617.4,4569.9,5536.5,4121.6,172.1,6798.1,1243.2,4528.6,1245.8,7213.0,1450.2,2544.1,5110.1,2954.7,5756.4,1052.0,5990.6,1774.1,3404.9,4542.0,4426.1,6859.6,6007.7,4430.4,4589.7,4043.0,810.9,4819.9
3878.2,3564.0,8072.3,8075.1,3591.1,3660.5,3732.8,3825.8,4253.1,2873.5,4105.5,3473.6,4562.5,7732.5,3814.9,3347.7,7541.7,2915.7,2372.3,2560.9,2701.9,2255.8,1981.2,1706.1,666.2,1019.8,914.6,975.5,2067.0,6665.5,7149.9,6878.5,6878.5,6355.3,6570.6,6810.3,6870.5,7281.3,7258.9,0.0,2747.8,5058.6,4326.3,1537.4,2320.9,2914.9,256.1,3503.2,0.7,7544.2,3895.9,3894.5,3476.1,2720.8,3703.9,178.5,130.0,665.8,3294.0,6294.0,6792.4,6926.4,10917.9,7914.8,3026.3,2872.4,6578.3,4519.8,2708.2,4085.0,7086.8,1655.3,6354.8,4478.6,6510.2,530.9,6714.7,6521.8,3133.5,7030.3,2928.1,6860.1,3828.0,6453.1,4686.9,3621.4,3544.9,2518.4,2271.5,3370.0,5130.8,3993.0,7178.0,3779.4
1655.9,5965.0,6361.8,6364.6,1073.3,1205.4,1215.0,1030.7,2030.7,669.7,1883.1,1391.5,2340.1,6022.0,1592.5,2126.2,5831.3,711.8,375.4,186.9,221.7,491.9,1012.9,2330.3,2399.5,2673.5,2568.2,1914.6,773.1,5053.0,5537.4,5266.0,5266.0,4742.8,4958.1,5197.8,5258.0,5668.8,5646.4,2682.2,0.0,2836.2,2103.9,1737.7,606.9,5315.9,2748.6,2017.5,2681.4,5833.8,1673.5,1672.1,1393.9,517.0,901.6,2671.0,2812.1,2748.0,3037.9,4681.5,5179.9,3557.4,4797.8,6200.8,822.5,668.6,4965.8,2297.4,2452.1,3828.8,5474.3,1507.3,4742.3,2256.2,4897.7,2613.1,5102.2,4909.3,2237.6,4500.4,2671.9,5247.6,1032.9,4840.6,2518.2,1399.0,2098.6,2262.3,2055.7,2148.5,2908.4,1770.6,5565.5,1324.4
1437.9,6860.4,5232.4,5235.2,1744.0,1813.3,1885.7,1978.7,980.9,2237.2,881.7,2306.3,580.8,4892.6,1426.0,1498.5,4701.8,2279.4,2518.1,2499.7,2640.7,2634.6,3159.8,5276.4,4923.2,5304.7,5199.4,4545.9,2920.0,3923.5,4407.9,4136.6,4136.6,3613.3,3828.7,4068.4,4128.6,4539.4,4516.9,4857.0,2686.6,0.0,897.6,5107.7,2749.5,6211.3,4923.4,1346.5,4856.2,4704.3,1213.5,1214.8,2308.8,2241.9,1856.8,4845.8,4986.9,4922.8,2790.5,3552.0,4050.4,1392.6,2182.9,4607.8,2459.8,2236.1,3836.4,1171.7,2403.4,2119.5,4344.9,3654.2,3612.9,1130.4,3768.3,4787.9,3972.8,3779.9,1966.2,3371.0,2623.3,4118.2,1980.9,3711.2,1388.8,1654.3,1427.6,3726.5,2874.6,1567.5,72.2,1155.4,4436.0,1932.3
741.8,6164.3,4536.3,4539.1,1047.9,1117.3,1189.6,1282.6,284.9,1541.1,185.6,1610.3,514.6,4196.5,729.9,802.4,4005.8,1583.3,1822.0,1803.6,1944.6,1938.5,2463.7,4580.3,4227.1,4608.6,4503.4,3849.8,2223.9,3227.4,3711.9,3440.5,3440.5,2917.2,3132.6,3372.3,3432.5,3843.3,3820.9,4160.9,1990.5,1010.7,0.0,4411.6,2053.4,5515.2,4227.3,650.4,4160.1,4008.3,517.4,518.8,1612.7,1545.8,1160.7,4149.7,4290.9,4226.7,2094.5,2856.0,3354.3,1731.9,2972.3,5397.2,1763.7,1540.0,3140.3,986.1,1707.4,1423.5,3648.8,2958.1,2916.8,944.9,3072.2,4091.8,3276.7,3083.8,1270.1,2674.9,1927.2,3422.1,1284.8,3015.1,692.7,958.2,731.5,3030.4,2178.5,871.4,1082.9,459.3,3739.9,1236.2
3339.6,4723.1,9231.4,9234.1,2416.9,2549.0,2558.5,2374.2,3614.0,2013.2,3635.6,3276.4,4092.6,8891.5,2936.0,3150.5,8700.8,2055.4,1512.0,1700.6,1841.6,1395.5,870.7,627.5,1036.1,1310.1,1204.9,551.3,1206.7,7824.5,8309.0,8037.6,8037.6,7514.3,7729.7,7969.4,8029.6,8440.4,8418.0,1440.2,1887.5,4588.7,3856.4,0.0,1460.6,4073.9,1116.9,3305.9,1439.5,8703.3,3303.7,3302.4,3278.8,1860.5,2245.1,1194.5,1570.2,1086.8,3096.8,7453.1,7951.4,5528.8,10359.4,7054.4,2166.0,2012.1,7737.4,4049.9,2511.0,3887.7,8245.9,376.3,7513.9,4008.7,7669.3,944.9,7873.8,7680.9,2936.2,6471.9,2730.8,8019.2,2376.4,7612.2,4489.7,2742.5,3347.7,2321.2,2114.6,3172.7,4660.9,3523.1,8337.0,2667.9
1718.8,5538.2,7847.5,7850.3,1136.3,1268.4,1278.0,1093.7,2093.6,732.6,1946.0,1454.5,2403.1,7507.7,1655.4,2664.7,7317.0,774.8,231.5,420.0,561.0,115.0,586.0,1903.4,1972.6,2246.6,2141.4,1487.8,346.2,6538.6,7023.1,6751.7,6751.7,6228.4,6443.8,6683.5,6743.7,7154.5,7132.1,2255.3,606.9,2899.2,2166.9,1310.8,0.0,4889.0,2321.7,2080.5,2254.6,7319.5,1736.4,1735.1,1456.9,580.0,964.5,2244.2,2385.3,2321.1,2611.0,6167.2,6665.5,5043.1,9873.7,5593.8,885.5,731.6,6451.5,2360.4,2025.2,3402.0,6960.0,1080.4,6228.0,2319.1,6383.4,2186.2,6587.9,6395.0,2450.5,5986.1,2245.1,6733.3,1095.9,6326.3,4003.9,1462.0,2161.5,1835.4,1628.8,2687.0,2971.4,1833.6,7051.1,1387.4
963.4,649.1,5157.4,5160.2,676.3,745.6,817.9,911.0,1338.2,1169.4,1190.6,1578.1,1647.6,4817.6,900.0,1433.7,4626.9,1211.6,1522.6,1504.2,1645.3,1639.1,2160.0,4328.6,3975.4,4356.9,4251.7,3598.1,1920.2,3750.6,4235.0,3963.6,3963.6,3440.4,3655.8,3895.5,3955.6,4366.4,4344.0,3909.2,1691.1,2143.7,1411.4,4159.9,1754.1,0.0,3975.6,1325.1,3908.4,4629.4,981.0,979.6,1580.6,1174.1,789.0,3898.0,4039.2,3975.0,2369.5,3379.1,3877.5,4011.5,8003.0,10427.9,1392.0,1168.4,3663.4,1605.0,1982.4,2621.5,4171.9,2654.5,3439.9,1563.7,3595.4,3840.1,3799.8,3606.9,1545.1,4115.5,2202.3,3945.2,913.2,3538.3,1825.8,706.5,1406.1,3305.5,2453.6,1456.0,2215.9,1078.1,4263.1,864.5
3989.4,3675.2,8183.5,8186.2,3702.3,3771.6,3844.0,3937.0,4364.2,2984.7,4216.6,3584.8,4673.7,7843.6,3926.0,3458.9,7652.9,3026.9,2483.5,2672.1,2813.1,2367.0,2092.4,1450.0,410.1,763.7,658.5,719.4,2178.2,6776.6,7261.1,6989.7,6989.7,6466.4,6681.8,6921.5,6981.7,7392.5,7370.1,240.7,2859.0,5169.8,4437.5,1281.3,2432.1,3026.0,0.0,3614.4,239.9,7655.4,4007.0,4005.7,3587.3,2832.0,3815.1,77.6,370.7,409.7,3405.2,6405.2,6903.5,7037.6,11029.1,8025.9,3137.5,2983.6,6689.5,4631.0,2819.4,4196.1,7198.0,1399.2,6466.0,4589.7,6621.4,274.8,6825.9,6633.0,3244.6,7141.5,3039.3,6971.3,3939.2,6564.3,4798.1,3732.6,3656.1,2629.6,2382.6,3481.2,5242.0,4104.2,7289.1,3890.6
568.4,5676.2,5063.6,5066.3,1059.5,1128.8,1201.1,1294.2,365.6,1299.1,500.2,1122.1,921.9,4723.7,731.7,209.5,4533.0,1341.3,1333.8,1315.4,1456.4,1450.3,1975.5,3292.9,4238.6,4620.1,4514.9,3861.3,1735.7,3754.7,4239.1,3967.7,3967.7,3444.5,3659.9,3899.6,3959.7,4370.5,4348.1,4172.4,1502.3,1418.0,685.7,2700.3,1565.3,5027.0,4238.9,0.0,4171.7,4535.5,431.9,430.5,1124.5,1258.4,1172.2,4161.3,4302.4,4238.2,1606.3,3383.2,3881.6,2259.1,7089.7,9514.6,1521.7,1298.1,3667.5,1178.1,1219.2,618.0,4176.0,2470.0,3444.0,1136.8,3599.5,4103.3,3803.9,3611.0,781.9,3202.1,1439.0,3949.3,1296.3,3542.4,1220.0,969.8,138.6,2542.2,1690.3,278.5,1490.2,651.2,4267.2,1247.7
3877.5,3563.3,8071.6,8074.3,3590.4,3659.7,3732.1,3825.1,4252.3,2872.8,4104.7,3472.9,4561.8,7731.7,3814.1,3347.0,7541.0,2914.9,2371.6,2560.2,2701.2,2255.1,1980.5,1705.4,665.5,1019.0,913.8,974.8,2066.3,6664.7,7149.1,6877.8,6877.8,6354.5,6569.9,6809.6,6869.8,7280.6,7258.1,0.7,2747.0,5057.9,4325.6,1536.7,2320.2,2914.1,255.4,3502.4,0.0,7543.5,3895.1,3893.8,3475.3,2720.1,3703.1,177.8,130.7,665.1,3293.3,6293.2,6791.6,6925.6,10917.2,7914.0,3025.6,2871.7,6577.6,4519.1,2707.5,4084.2,7086.1,1654.5,6354.1,4477.8,6509.5,530.2,6714.0,6521.0,3132.7,7029.6,2927.3,6859.4,3827.3,6452.4,4686.2,3620.7,3544.2,2517.7,2270.7,3369.3,5130.1,3992.3,7177.2,3778.7
7410.6,7096.4,528.1,530.8,7123.5,7192.8,7265.2,7358.2,7785.4,6405.9,7637.8,7006.0,8094.9,188.2,7347.2,6880.1,11074.1,6448.0,5904.7,6093.3,6234.3,5788.2,4676.5,4233.0,3879.7,4261.2,4156.0,3502.4,5599.4,10197.8,10682.2,10410.9,10410.9,9887.6,10103.0,10342.7,10402.9,10813.7,10791.3,3813.5,6280.1,8591.0,7858.7,4064.2,5853.3,6447.2,3879.9,7035.6,3812.7,0.0,7428.2,7426.9,7008.5,6253.2,7236.3,3802.3,3943.5,3879.3,6826.4,9826.4,10324.7,10458.8,14450.3,11447.1,6558.7,6404.8,10110.7,8052.2,6240.6,7617.3,10619.2,4182.1,9887.2,8010.9,10042.6,3744.4,10247.1,10054.2,6665.8,10562.7,6460.5,10392.5,7360.4,9985.5,8219.3,7153.8,7077.3,6050.8,5803.8,6902.4,8663.2,7525.4,10710.3,7311.8
224.4,5646.9,4810.6,4813.4,715.4,784.7,857.0,950.1,445.0,1269.9,331.8,1092.8,788.9,4470.8,387.6,583.9,4280.0,1312.1,1304.6,1286.2,1427.2,1421.1,1946.3,4247.8,3894.6,4276.0,4170.8,3517.2,1706.5,3501.7,3986.1,3714.8,3714.8,3191.5,3406.9,3646.6,3706.8,4117.6,4095.1,3828.3,1473.1,1285.0,552.7,2671.1,1536.0,4997.8,3894.8,431.9,3827.6,4282.5,0.0,1.3,1095.3,1229.2,828.1,3817.2,3958.3,3894.1,1577.0,3130.2,3628.6,2006.1,3246.6,5671.4,1492.5,1268.8,3414.6,746.2,1189.9,1049.9,3923.1,2440.7,3191.1,704.9,3346.5,3759.2,3551.0,3358.0,752.7,2949.2,1409.8,3696.4,952.3,3289.4,967.0,625.7,512.9,2513.0,1661.1,651.5,1357.2,219.4,4014.2,903.7
223.0,5645.6,4811.9,4814.7,714.0,783.4,855.7,948.7,443.7,1268.6,333.2,1091.5,790.2,4472.1,386.3,582.5,4281.4,1310.7,1303.2,1284.8,1425.9,1419.7,1945.0,4246.5,3893.2,4274.7,4169.5,3515.9,1705.1,3503.1,3987.5,3716.1,3716.1,3192.9,3408.2,3647.9,3708.1,4118.9,4096.5,3827.0,1471.7,1286.3,554.0,2669.8,1534.7,4996.5,3893.4,430.5,3826.2,4283.9,1.3,0.0,1093.9,1227.8,826.8,3815.8,3957.0,3892.8,1575.7,3131.6,3630.0,2007.5,3247.9,5672.8,1491.2,1267.5,3415.9,747.5,1188.6,1048.5,3924.4,2439.4,3192.4,706.3,3347.8,3757.9,3552.3,3359.4,751.3,2950.5,1408.5,3697.7,950.9,3290.7,968.3,624.3,511.6,2511.7,1659.8,650.1,1358.5,220.7,4015.6,902.3
1160.8,6117.4,5866.8,5869.6,578.3,710.4,720.0,535.7,1535.6,174.6,1388.0,896.5,1845.1,5527.0,1097.4,1631.2,5336.2,216.8,527.8,509.4,650.4,644.3,1165.2,2482.6,2551.9,2825.8,2720.6,2067.0,925.4,4557.9,5042.3,4771.0,4771.0,4247.7,4463.1,4702.8,4763.0,5173.8,5151.4,2834.5,696.3,2341.2,1608.9,1890.0,759.3,5468.3,2901.0,1522.5,2833.8,5338.7,1178.4,1177.1,0.0,179.3,406.5,2823.4,2964.5,2900.3,2567.0,4186.4,4684.8,3062.4,4302.8,6353.1,397.2,173.6,4470.8,1802.4,2179.9,2818.9,4979.3,1659.7,4247.3,1761.1,4402.7,2765.4,4607.2,4414.3,1742.6,4005.4,2399.8,4752.6,537.9,4345.6,2023.2,904.0,1603.5,2414.7,2208.1,1653.5,2413.4,1275.6,5070.4,829.4
1138.9,5938.1,5844.8,5847.6,556.4,688.5,698.0,513.7,1513.7,152.7,1366.1,874.5,1823.1,5505.0,1075.5,1609.2,5314.3,194.8,348.5,330.1,471.1,465.0,985.9,2303.3,2372.5,2646.5,2541.3,1887.7,746.1,4536.0,5020.4,4749.0,4749.0,4225.8,4441.1,4680.8,4741.0,5151.8,5129.4,2655.2,517.0,2319.2,1586.9,1710.7,580.0,5289.0,2721.7,1500.5,2654.5,5316.8,1156.5,1155.1,876.9,0.0,384.6,2644.1,2785.2,2721.0,2545.0,4164.5,4662.9,3040.4,4280.8,6173.8,375.3,151.6,4448.8,1780.5,2157.9,2796.9,4957.3,1480.3,4225.3,1739.2,4380.7,2586.1,4585.2,4392.3,1720.6,3983.4,2377.8,4730.6,515.9,4323.6,2001.2,882.0,1581.6,2235.3,2028.8,1631.5,2391.4,1253.6,5048.5,807.4
754.3,6983.0,5460.3,5463.0,171.8,303.9,313.4,191.9,1129.1,380.4,981.5,789.1,1438.6,5120.4,690.9,1224.7,4929.7,422.6,733.6,715.2,856.2,850.1,1371.0,4119.6,3766.3,4147.8,4042.6,3389.0,1131.2,4151.4,4635.8,4364.4,4364.4,3841.2,4056.6,4296.3,4356.4,4767.2,4744.8,3700.1,902.1,1934.6,1202.4,2095.8,965.1,6333.8,3766.5,1116.0,3699.4,4932.2,771.9,770.6,791.6,385.1,0.0,3689.0,3830.1,3765.9,2160.4,3779.9,4278.3,2655.8,3896.3,6558.9,603.0,379.4,4064.2,1395.9,1773.3,2412.4,4572.7,1865.4,3840.8,1354.6,3996.2,3631.0,4200.6,4007.7,1336.1,3598.9,1993.2,4346.1,194.1,3939.1,1616.7,497.4,1197.0,2693.5,2244.5,1246.9,2006.9,869.1,4663.9,422.8
3911.8,3597.6,8105.9,8108.7,3624.7,3694.1,3766.4,3859.4,4286.6,2907.1,4139.1,3507.2,4596.1,7766.0,3848.4,3381.3,7575.3,2949.3,2405.9,2594.5,2735.5,2289.4,2014.8,1527.6,487.7,841.3,736.0,797.0,2100.6,6699.0,7183.5,6912.1,6912.1,6388.9,6604.2,6843.9,6904.1,7314.9,7292.5,163.1,2781.4,5092.2,4359.9,1358.9,2354.5,2948.5,77.6,3536.8,162.3,7577.8,3929.4,3928.1,3509.7,2754.4,3737.5,0.0,293.1,487.3,3327.6,6327.6,6825.9,6960.0,10951.5,7948.3,3059.9,2906.0,6611.9,4553.4,2741.8,4118.5,7120.4,1476.8,6388.4,4512.2,6543.8,352.4,6748.3,6555.4,3167.1,7063.9,2961.7,6893.7,3861.6,6486.7,4720.5,3655.0,3578.5,2552.0,2305.0,3403.6,5164.4,4026.6,7211.5,3813.0
4008.2,3694.0,8202.3,8205.1,3721.1,3790.5,3862.8,3955.8,4383.0,3003.5,4235.5,3603.6,4692.5,7862.4,3944.8,3477.7,7671.7,3045.7,2502.3,2690.9,2831.9,2385.8,2111.2,1836.1,796.2,1149.8,1044.5,1105.5,2197.0,6795.4,7279.9,7008.5,7008.5,6485.3,6700.6,6940.3,7000.5,7411.3,7388.9,130.0,2877.8,5188.6,4456.3,1667.4,2450.9,3044.9,386.1,3633.2,130.7,7674.2,4025.8,4024.5,3606.1,2850.8,3833.9,308.5,0.0,795.8,3424.0,6424.0,6922.3,7056.4,11047.9,8044.7,3156.3,3002.4,6708.3,4649.8,2838.2,4214.9,7216.8,1785.3,6484.8,4608.6,6640.2,660.9,6844.7,6651.8,3263.5,7160.3,3058.1,6990.1,3958.0,6583.1,4816.9,3751.4,3674.9,2648.4,2401.4,3500.0,5260.8,4123.0,7307.9,3909.4
4372.1,4057.8,8566.1,8568.9,4085.0,4154.3,4226.6,4319.7,4746.9,2725.5,4599.3,3967.5,5056.3,8226.3,4308.7,3841.5,8035.6,2767.7,2224.4,2413.0,2554.0,2107.9,1583.1,1139.5,620.5,974.1,868.8,408.9,1919.1,7159.3,7643.7,7372.3,7372.3,6849.1,7064.5,7304.2,7364.3,7775.1,7752.7,623.3,2599.8,5552.4,4820.2,970.8,2173.0,3408.7,382.7,3997.0,622.6,8038.1,4389.7,4388.3,3969.9,2572.9,4197.7,460.2,753.3,0.0,3787.9,6787.8,7286.2,7420.2,11411.7,7766.8,2878.4,2724.5,7072.1,5013.7,3202.0,4578.8,7580.6,1088.7,6848.6,4972.4,7004.1,485.2,7208.5,7015.6,3627.3,7524.2,3421.9,7353.9,4321.9,6947.0,5180.8,4115.2,4038.7,3012.3,2765.3,3863.8,5624.6,4486.8,7671.8,4273.2
1611.5,5254.8,6597.5,6600.3,2129.1,2082.9,2270.7,2086.4,1885.9,1725.4,1907.5,1548.3,2364.5,6257.7,1774.8,1422.4,6066.9,1767.6,1760.1,1741.7,1882.7,1876.6,2401.8,3922.9,3569.6,3951.1,3845.9,3192.3,2162.0,5288.6,5773.1,5501.7,5501.7,4978.4,5193.8,5433.5,5493.7,5904.5,5882.1,3503.4,1928.6,2860.6,2128.3,3126.6,1991.5,4605.6,3569.9,1577.9,3502.7,6069.5,1575.6,1574.3,1550.8,1684.7,1957.3,3492.3,3633.4,3569.2,0.0,4917.2,5415.5,3793.1,8623.7,11048.5,1948.0,1724.3,5201.5,2321.9,797.8,2151.9,5710.0,2896.2,4978.0,2280.6,5133.4,3434.3,5337.9,5145.0,1208.2,4736.1,1017.6,5483.3,2088.6,5076.3,2753.9,2012.8,1619.6,2120.8,1268.9,1444.7,2932.8,1795.0,5801.1,2201.8
3655.6,9895.1,3326.8,3329.6,3961.8,4031.1,4103.4,5318.5,3198.7,4957.4,3099.4,4780.4,3351.5,2987.0,3643.8,3790.1,2796.2,4999.6,4992.1,4973.7,5114.7,5108.6,5633.8,7031.7,6678.5,7059.9,6954.7,6301.1,5394.0,401.5,551.3,614.5,614.5,91.3,306.7,546.4,606.5,1626.3,1603.9,6612.2,5160.6,3847.6,3115.3,6863.0,5223.6,9246.0,6678.7,3620.5,6611.5,2798.7,3431.3,3432.6,4782.8,4916.7,5189.3,6601.1,6742.2,6678.1,5253.7,0.0,528.4,2180.9,6172.4,8597.3,5180.0,4956.4,923.3,3900.0,4866.6,3451.7,1431.8,6128.3,90.8,3858.7,246.3,6543.1,450.7,490.7,4440.2,2284.8,5086.5,596.1,5320.7,759.5,2735.0,3872.1,3756.3,6189.7,5337.8,3760.5,3919.8,3373.1,678.6,4150.1
4520.9,10760.4,4192.1,4194.9,4827.1,4896.4,4968.7,6183.8,4064.0,5822.7,3964.7,5645.7,4216.8,3852.3,4509.0,4655.4,3661.5,5864.9,5857.4,5839.0,5980.0,5973.9,6499.1,7897.0,7543.7,7925.2,7820.0,7166.4,6259.3,221.4,177.6,517.4,517.4,531.6,595.0,449.2,451.2,983.6,961.2,7477.5,6025.9,4712.9,3980.6,7728.3,6088.9,10111.3,7544.0,4485.7,7476.8,3664.0,4296.6,4297.9,5648.1,5782.0,6054.6,7466.4,7607.5,7543.3,6119.0,622.9,0.0,3046.2,7037.7,9462.5,6045.3,5821.7,812.8,4765.3,5731.9,4317.0,789.1,6993.5,532.1,4724.0,534.6,7408.4,739.1,1083.6,5305.5,3150.1,5951.8,67.8,6186.0,1352.4,3600.3,4737.4,4621.5,7055.0,6203.1,4625.8,4785.1,4238.4,304.9,5015.3
1760.3,7428.2,4683.2,4686.0,2066.4,2135.7,2208.1,3423.1,1303.3,3062.1,1204.1,2885.0,1456.2,4343.4,1748.4,1894.7,4152.7,3104.3,3096.7,3078.4,3219.4,3213.2,3738.5,5055.9,5257.9,5639.4,5534.1,4880.6,3498.7,3374.4,3858.8,3587.4,3587.4,3064.2,3279.6,3519.3,3579.4,3990.2,3967.8,5191.7,3265.2,1952.2,1220.0,4463.3,3328.2,6779.1,5258.1,1725.1,5190.9,4155.2,1535.9,1537.2,2887.4,3021.4,3294.0,5180.5,5321.6,5257.5,3358.4,3002.9,3501.3,0.0,6709.4,9134.3,3284.7,3061.0,3287.2,2004.6,2971.3,1556.4,3795.7,4232.9,3063.7,1963.3,3219.1,5122.6,3423.6,3230.7,2544.8,2821.8,3191.1,3569.0,3425.3,3162.0,839.7,1976.7,1860.9,4294.3,3442.4,1865.1,2024.5,1477.8,3886.9,2254.7
6878.4,12546.4,7716.9,7719.7,7184.5,7253.9,7326.2,8541.2,6421.5,8180.2,6322.2,8003.1,2757.5,7377.1,6866.5,7012.9,7186.4,8222.4,8214.9,8196.5,8337.5,8331.4,8856.6,11421.8,11068.6,11450.1,11344.8,10691.3,8616.8,6408.0,6892.5,6621.1,6621.1,6097.9,6313.2,6552.9,6613.1,7023.9,7001.5,11002.4,8383.4,2176.7,6338.1,9581.4,8446.3,11897.3,11068.8,6843.2,11001.6,7188.9,6654.0,6655.4,8005.6,8139.5,8412.1,10991.2,11132.3,11068.2,8476.5,6036.6,6535.0,5403.7,0.0,3101.7,8402.8,8179.1,6320.9,7122.7,8089.4,6674.5,6829.4,9351.0,6097.4,7081.5,6252.8,10933.3,6457.3,6264.4,7663.0,4515.1,8309.3,6602.7,8543.4,6195.7,5957.8,7094.8,6979.0,9412.5,8560.6,6983.3,2249.0,6595.9,6920.5,7372.8
9303.3,14971.2,10141.8,10144.6,6740.7,9678.7,6882.3,6698.0,8846.3,6337.0,8747.0,10428.0,5182.4,9801.9,9291.4,9437.7,9611.2,6379.2,5835.8,6024.4,6165.4,5719.3,6190.4,7507.8,7577.0,7851.0,7745.7,7092.1,5950.6,8832.9,9317.3,9046.0,9046.0,8522.7,8738.1,8977.8,9038.0,9448.8,9426.3,7859.7,6211.3,4601.6,8763.0,6915.2,5604.4,14322.1,7926.1,9268.1,7858.9,9613.7,9078.9,9080.2,10430.4,6184.3,6568.9,7848.5,7989.6,7925.5,10901.3,8461.4,8959.8,7828.5,3101.7,0.0,6489.8,6335.9,8745.7,9547.6,10514.2,9099.4,9254.2,6684.8,8522.3,9506.3,8677.7,7790.6,8882.1,8689.2,10087.8,6939.9,10734.1,9027.6,6700.2,8620.6,8382.6,9519.7,9403.9,7439.8,10985.4,9408.1,4673.8,9020.8,9345.4,9797.7
1384.4,6243.6,6090.4,6093.2,801.9,934.0,943.6,759.3,1759.2,222.6,1611.7,1120.1,2068.7,5750.6,1321.0,1854.8,5559.8,196.0,654.0,635.6,776.6,770.5,1291.4,2608.8,2678.0,2952.0,2846.8,2193.2,1051.6,4781.5,5266.0,4994.6,4994.6,4471.3,4686.7,4926.4,4986.6,5397.4,5375.0,2960.7,822.5,2564.8,1832.5,2016.2,885.5,5594.5,3027.2,1746.1,2960.0,5562.3,1402.0,1400.7,1122.5,347.0,630.1,2949.6,3090.7,3026.5,2790.6,4410.1,4908.4,3286.0,4526.4,6479.3,0.0,223.7,4694.4,2026.0,2403.5,3042.5,5202.9,1785.8,4470.9,1984.8,4626.3,2891.6,4830.8,4637.9,1966.2,4229.0,2623.4,4976.2,761.5,4569.2,2246.8,1127.6,1827.2,2540.8,2334.3,1877.1,2637.0,1499.2,5294.0,1053.0
1160.8,6061.4,5866.7,5869.5,578.3,710.4,719.9,535.6,1535.6,1.1,1388.0,896.4,1845.0,5526.9,1097.4,1631.1,5336.2,43.2,471.8,453.4,594.4,588.3,1109.2,2426.6,2495.9,2769.8,2664.6,2011.0,869.4,4557.9,5042.3,4770.9,4770.9,4247.7,4463.0,4702.8,4762.9,5173.7,5151.3,2778.5,640.3,2341.1,1608.8,1834.0,703.3,5412.3,2845.0,1522.5,2777.8,5338.7,1178.4,1177.0,898.8,123.3,406.5,2767.4,2908.5,2844.3,2566.9,4186.4,4684.8,3062.3,4302.7,6297.1,223.7,0.0,4470.7,1802.4,2179.8,2818.9,4979.2,1603.7,4247.2,1761.1,4402.6,2709.4,4607.1,4414.2,1742.5,4005.3,2399.7,4752.5,537.8,4345.5,2023.2,903.9,1603.5,2358.7,2152.1,1653.4,2413.3,1275.5,5070.4,829.3
3708.1,9947.6,3379.2,3382.0,4014.2,4083.6,4155.9,5370.9,3251.2,5009.9,3151.9,4832.8,3404.0,3039.4,3696.2,3842.5,2848.7,5052.1,5044.6,5026.2,5167.2,5161.1,5686.3,7084.2,6730.9,7112.4,7007.2,6353.6,5446.5,721.4,571.6,812.1,812.1,1031.5,871.6,744.0,951.1,703.0,680.6,6664.7,5213.1,3900.1,3167.8,6915.4,5276.0,9298.4,6731.1,3672.9,6663.9,2851.2,3483.7,3485.1,4835.3,4969.2,5241.8,6653.5,6794.7,6730.5,5306.2,1698.9,911.3,2233.3,6224.8,8649.7,5232.5,5008.8,0.0,3952.4,4919.1,3504.2,508.5,6180.7,1032.0,3911.2,1034.6,6595.6,1239.0,1926.7,4492.6,2337.3,5139.0,840.8,5373.1,1156.7,2787.5,3924.5,3808.7,6242.1,5390.3,3813.0,3972.3,3425.6,599.7,4202.5
970.6,6393.1,5279.3,5282.1,1276.7,1346.0,1418.4,1511.4,935.2,1769.9,800.5,1839.0,859.5,4939.5,958.7,1330.1,4748.7,1812.1,2050.8,2032.4,2173.4,2167.3,2692.5,4809.1,4455.9,4837.4,4732.1,4078.6,2452.7,3970.4,4454.8,4183.5,4183.5,3660.2,3875.6,4115.3,4175.5,4586.3,4563.8,4389.7,2219.3,1753.7,1021.4,4640.4,2282.2,5744.0,4456.1,1178.1,4388.9,4751.2,746.2,747.5,1841.5,1774.6,1389.5,4378.5,4519.6,4455.5,2323.2,3598.9,4097.3,2474.8,3715.3,6140.1,1992.5,1768.8,3883.3,0.0,1936.1,2166.4,4391.8,3186.9,3659.8,41.3,3815.2,4320.6,4019.7,3826.7,1498.9,3417.9,2156.0,4165.1,1513.6,3758.1,1435.7,1187.0,1259.1,3259.2,2407.3,1397.7,1825.9,526.8,4482.9,1465.0
1284.4,4646.5,6270.4,6273.2,1802.0,1755.8,1943.6,1759.3,1558.8,1398.3,1580.4,1221.2,2037.4,5930.5,1447.7,1095.3,5739.8,1440.4,1432.9,1414.6,1555.6,1549.4,2074.7,3314.6,2961.3,3342.8,3237.6,2584.0,1834.9,4961.5,5445.9,5174.6,5174.6,4651.3,4866.7,5106.4,5166.6,5577.4,5554.9,2895.1,1601.4,2533.5,1801.2,3145.9,1664.4,3997.3,2961.6,1250.7,2894.4,5742.3,1248.5,1247.2,1223.6,1357.5,1630.2,2884.0,3025.1,2960.9,857.7,4590.0,5088.4,3465.9,8296.5,10721.4,1620.9,1397.2,4874.3,1994.7,0.0,1824.8,5382.8,2569.1,4650.9,1953.5,4806.3,2826.0,5010.8,4817.8,881.0,4409.0,219.9,5156.2,1761.5,4749.2,2426.8,1685.7,1292.5,1512.5,660.7,1117.6,2605.7,1467.9,5474.0,1874.7
1853.1,6333.2,4751.5,4754.3,2370.7,2324.5,2512.4,2328.0,1032.1,1967.0,1570.5,1789.9,1822.6,4411.7,2016.4,799.6,4221.0,2009.2,2001.7,1983.3,2124.3,2118.2,2643.4,3960.8,4162.8,4544.3,4439.1,3785.5,2403.6,3442.6,3927.1,3655.7,3655.7,3132.4,3347.8,3587.5,3647.7,4058.5,4036.1,4096.6,2170.2,2318.7,1586.4,3368.2,2233.1,5684.0,4163.0,630.0,4095.8,4223.5,1817.3,1815.9,1792.4,1926.3,2198.9,4085.4,4226.6,4162.4,2263.3,3071.2,3569.5,1947.1,6777.7,9202.5,2189.6,1965.9,3355.5,2563.5,1876.2,0.0,3864.0,3137.8,3132.0,2522.2,3287.4,4027.5,3491.9,3299.0,1449.8,2890.1,2096.1,3637.3,2330.2,3230.3,907.9,2254.4,765.8,3199.3,2347.4,770.1,2390.9,2036.6,3955.1,2443.4
4153.4,10392.9,3824.6,3827.4,4459.6,4528.9,4601.2,5816.3,3696.5,5455.2,3597.2,5278.2,3849.3,3484.8,4141.6,4287.9,3294.0,5497.4,5489.9,5471.5,5612.5,5606.4,6131.6,7529.5,7176.3,7557.7,7452.5,6798.9,5891.8,760.5,610.7,851.2,851.2,1070.7,910.7,783.1,990.3,205.1,172.1,7110.0,5658.4,4345.4,3613.1,7360.8,5721.4,9743.8,7176.5,4118.3,7109.3,3296.5,3929.1,3930.4,5280.6,5414.5,5687.1,7098.9,7240.0,7175.8,5751.5,1162.0,950.4,2678.7,6670.2,9095.1,5677.8,5454.2,445.4,4397.8,5364.4,3949.5,0.0,6626.1,1071.1,4356.5,1073.7,7040.9,1278.1,2372.1,4938.0,2782.6,5584.3,879.9,5818.5,1602.0,3232.8,4369.9,4254.1,6687.5,5835.6,4258.3,4417.6,3870.9,638.8,4647.8
2963.3,4918.5,7957.0,7959.8,2040.6,2172.7,2182.2,1997.9,3237.7,1636.9,3259.3,2900.1,3716.3,7617.1,2559.7,2774.2,7426.4,1679.1,1135.7,1324.3,1465.3,1019.2,494.4,823.0,1231.6,1505.6,1400.3,746.7,830.4,6648.1,7132.5,6861.2,6861.2,6337.9,6553.3,6793.0,6853.1,7264.0,7241.5,1635.7,1511.2,4212.4,3480.1,230.4,1084.3,4269.4,1312.3,2929.6,1634.9,7428.9,2927.4,2926.1,2902.5,1484.2,1868.8,1389.9,1765.6,1282.3,2720.5,6276.6,6775.0,5152.5,9983.1,6678.1,1789.7,1635.8,6560.9,3673.6,2134.7,3511.4,7069.4,0.0,6337.5,3632.4,6492.9,1140.4,6697.3,6504.4,2559.9,6095.6,2354.5,6842.8,2000.1,6435.8,4113.4,2366.2,2971.4,1944.9,1738.3,2796.5,4284.6,3146.8,7160.6,2291.6
3716.5,9955.9,3387.6,3390.4,4022.6,4091.9,4164.3,5379.3,3259.5,5018.3,3160.3,4841.2,3412.4,3047.8,3704.6,3850.9,2857.1,5060.5,5052.9,5034.6,5175.6,5169.4,5694.7,7092.5,6739.3,7120.8,7015.5,6362.0,5454.9,310.6,460.4,523.7,523.7,0.5,215.8,455.5,515.7,1266.4,1244.0,6673.1,5221.4,3908.4,3176.2,6923.8,5284.4,9306.8,6739.5,3681.3,6672.3,2859.6,3492.1,3493.4,4843.6,4977.6,5250.2,6661.9,6803.1,6738.9,5314.6,90.8,437.5,2241.7,6233.2,8658.1,5240.9,5017.2,984.2,3960.8,4927.5,3512.6,1071.9,6189.1,0.0,3919.5,155.4,6604.0,359.9,551.5,4501.0,2345.7,5147.3,505.3,5381.5,820.3,2795.9,3932.9,3817.1,6250.5,5398.6,3821.3,3980.7,3434.0,587.8,4210.9
929.3,6351.9,5238.0,5240.8,1235.5,1304.8,1377.1,1470.1,893.9,1728.6,759.3,1797.8,818.2,4898.2,917.4,1288.8,4707.5,1770.8,2009.5,1991.1,2132.1,2126.0,2651.2,4767.9,4414.6,4796.1,4690.9,4037.3,2411.4,3929.1,4413.6,4142.2,4142.2,3619.0,3834.3,4074.0,4134.2,4545.0,4522.6,4348.4,2178.0,1712.4,980.1,4599.1,2241.0,5702.7,4414.8,1136.8,4347.7,4710.0,704.9,706.3,1800.2,1733.3,1348.2,4337.3,4478.4,4414.2,2282.0,3557.7,4056.1,2433.6,3674.0,6098.9,1951.2,1727.6,3842.0,41.3,1894.9,2125.2,4350.5,3145.7,3618.5,0.0,3773.9,4279.3,3978.4,3785.5,1457.6,3376.6,2114.8,4123.8,1472.3,3716.8,1394.4,1145.7,1217.9,3217.9,2366.0,1356.4,1784.6,485.6,4441.7,1423.7
3871.9,10111.4,3543.0,3545.8,4178.0,4247.4,4319.7,5534.7,3415.0,5173.7,3315.7,4996.6,3567.8,3203.2,3860.0,4006.3,3012.5,5215.9,5208.4,5190.0,5331.0,5324.9,5850.1,7248.0,6894.7,7276.2,7171.0,6517.4,5610.3,313.2,463.0,526.2,526.2,155.0,218.4,458.1,518.2,1269.0,1246.6,6828.5,5376.9,4063.9,3331.6,7079.2,5439.8,9462.2,6894.9,3836.7,6827.7,3015.0,3647.5,3648.9,4999.1,5133.0,5405.6,6817.3,6958.5,6894.3,5470.0,246.3,440.1,2397.1,6388.7,8813.5,5396.3,5172.6,1139.6,4116.2,5082.9,3668.0,1074.5,6344.5,155.4,4075.0,0.0,6759.4,204.5,706.9,4656.5,2501.1,5302.8,507.9,5536.9,975.8,2951.3,4088.3,3972.5,6405.9,5554.1,3976.8,4136.1,3589.4,590.3,4366.3
4264.2,3950.0,8458.3,8461.1,3977.1,4046.5,4118.8,4211.8,4639.0,3259.5,4491.5,3859.6,4948.5,8118.4,4200.8,3733.7,7927.7,3301.7,2758.3,2946.9,3087.9,2641.8,1725.0,1281.4,135.3,488.9,383.6,550.9,2453.0,7051.4,7535.9,7264.5,7264.5,6741.2,6956.6,7196.3,7256.5,7667.3,7644.9,515.5,3133.8,5444.6,4712.3,1112.7,2706.9,3300.9,274.8,3889.2,514.7,7930.2,4281.8,4280.5,3862.1,3106.8,4089.9,352.4,645.5,141.9,3680.0,6680.0,7178.3,7312.4,11303.9,8300.7,3412.3,3258.4,6964.3,4905.8,3094.2,4470.9,7472.8,1230.6,6740.8,4864.6,6896.2,0.0,7100.7,6907.8,3519.5,7416.3,3314.1,7246.1,4214.0,6839.1,5072.9,4007.4,3930.9,2904.4,2657.4,3756.0,5516.8,4379.0,7563.9,4165.4
4076.4,10315.8,3747.5,3750.3,4382.5,4451.8,4524.2,5739.2,3619.4,5378.2,3520.2,5201.1,3772.2,3407.7,4064.5,4210.8,3217.0,5420.3,5412.8,5394.5,5535.5,5529.3,6054.6,7452.4,7099.2,7480.7,7375.4,6721.9,5814.8,517.7,667.4,730.7,730.7,359.4,422.8,662.6,722.7,1473.5,1451.0,7033.0,5581.3,4268.3,3536.1,7283.7,5644.3,9666.7,7099.4,4041.2,7032.2,3219.5,3852.0,3853.3,5203.5,5337.4,5610.1,7021.8,7162.9,7098.8,5674.4,450.7,644.6,2601.6,6593.1,9018.0,5600.8,5377.1,1344.1,4320.7,5287.3,3872.5,1279.0,6549.0,359.9,4279.4,204.5,6963.9,0.0,911.4,4860.9,2705.6,5507.2,712.3,5741.4,1180.2,2339.6,4292.8,4177.0,6610.4,5758.5,4181.2,4340.5,3793.9,794.8,4570.8
3883.4,10122.9,3554.6,3557.4,4189.6,4258.9,4331.2,5546.3,3426.5,5185.2,3327.2,5008.2,3579.3,3214.8,3871.6,4017.9,3024.0,5227.4,5219.9,5201.5,5342.5,5336.4,5861.7,7259.5,6906.3,7287.7,7182.5,6528.9,5621.8,862.1,1011.9,1075.2,1075.2,552.0,767.3,1007.0,1067.2,1854.1,1831.7,6840.0,5388.4,4075.4,3343.1,7090.8,5451.4,9473.8,6906.5,3848.3,6839.3,3026.6,3659.1,3660.4,5010.6,5144.5,5417.1,6828.9,6970.0,6905.9,5481.5,490.7,989.0,2408.7,6400.2,8825.1,5407.8,5184.2,1151.1,4127.8,5094.4,3679.5,1659.6,6356.1,551.5,4086.5,706.9,6770.9,911.4,0.0,4668.0,2512.6,5314.3,1056.8,5548.5,987.3,2962.8,4099.9,3984.1,6417.5,5565.6,3988.3,4147.6,3600.9,1139.3,4377.9
1503.4,5929.7,6209.4,6212.2,920.9,1053.0,1062.6,878.3,1878.3,517.2,1730.7,340.2,2187.7,5869.6,1440.1,1973.8,5678.9,559.4,551.9,533.5,674.5,668.4,1193.6,2511.0,2713.1,3094.5,2989.3,2335.7,953.8,4900.5,5385.0,5113.6,5113.6,4590.3,4805.7,5045.4,5105.6,5516.4,5494.0,2646.8,720.4,2683.8,1951.5,1918.4,783.4,5280.6,2713.3,1865.1,2646.1,5681.4,1521.0,1519.7,342.6,476.5,749.1,2635.7,2776.8,2712.6,3002.6,4529.1,5027.4,3405.0,4645.4,6377.2,739.8,516.2,4813.4,2145.0,2416.7,3793.5,5321.9,1688.1,4589.9,2103.8,4745.3,2577.7,4949.8,4756.9,0.0,4348.0,2636.6,5095.2,880.5,4688.2,2365.8,1246.6,1946.2,2227.0,2020.4,1996.1,2756.0,1618.2,5413.0,1172.0
2818.5,8486.5,3657.0,3659.8,3124.6,3194.0,3266.3,4481.3,2361.6,4120.3,2262.3,3943.2,2514.4,3317.2,2806.6,2952.9,3126.5,4162.5,4155.0,4136.6,4277.6,4271.5,4796.7,7361.9,7008.7,7390.2,7284.9,6631.3,4556.9,2348.1,2832.6,2561.2,2561.2,2038.0,2253.3,2493.0,2553.2,2964.0,2941.6,6942.4,4323.5,3010.5,2278.2,5521.5,4386.4,7837.3,7008.9,2783.3,6941.7,3129.0,2594.1,2595.5,3945.7,4079.6,4352.2,6931.3,7072.4,7008.3,4416.6,1976.7,2475.0,1343.7,4549.2,6974.0,4342.9,4119.2,2261.0,3062.8,4029.5,2614.6,2769.5,5291.1,2037.5,3021.6,2192.9,6873.3,2397.4,2204.5,3603.1,0.0,4249.4,2542.8,4483.5,2135.8,1897.9,3034.9,2919.1,5352.6,4500.7,2923.4,3082.7,2536.0,2860.6,3312.9
1445.8,4807.9,6431.8,6434.6,1963.4,1917.2,2105.0,1920.7,1720.2,1559.7,1741.8,1382.6,2198.8,6091.9,1609.1,1256.7,5901.2,1601.8,1594.3,1576.0,1717.0,1710.8,2236.1,3476.0,3122.7,3504.2,3399.0,2745.4,1996.3,5122.9,5607.3,5336.0,5336.0,4812.7,5028.1,5267.8,5328.0,5738.8,5716.3,3056.5,1762.8,2694.9,1962.6,3307.3,1825.8,4158.7,3123.0,1412.1,3055.8,5903.7,1409.9,1408.6,1385.0,1518.9,1791.6,3045.4,3186.5,3122.3,1019.1,4751.4,5249.8,3627.3,8457.9,10882.8,1782.3,1558.6,5035.8,2156.1,193.9,1986.2,5544.2,2730.5,4812.3,2114.9,4967.7,2987.4,5172.2,4979.2,1042.4,4570.4,0.0,5317.6,1922.9,4910.6,2588.2,1847.1,1453.9,1673.9,822.1,1279.0,2767.1,1629.3,5635.4,2036.1
4453.2,10692.6,4124.3,4127.1,4759.3,4828.6,4901.0,6116.0,3996.2,5755.0,3897.0,5577.9,4149.1,3784.5,4441.3,4587.6,3593.8,5797.1,5789.6,5771.3,5912.3,5906.1,6431.4,7829.2,7476.0,7857.5,7752.2,7098.7,6191.6,153.7,109.8,449.6,449.6,463.9,527.3,381.5,383.4,915.8,893.4,7409.8,5958.1,4645.1,3912.9,7660.5,6021.1,10043.5,7476.2,4418.0,7409.0,3596.3,4228.8,4230.1,5580.3,5714.2,5986.9,7398.6,7539.7,7475.6,6051.3,555.1,343.6,2978.4,6969.9,9394.8,5977.6,5753.9,745.1,4697.5,5664.2,4249.3,721.3,6925.8,464.3,4656.2,466.9,7340.7,671.3,1015.8,5237.7,3082.4,5884.0,0.0,6118.2,1284.7,3532.6,4669.6,4553.8,6987.2,6135.3,4558.0,4717.3,4170.7,237.2,4947.6
1044.5,7273.2,5750.5,5753.2,462.0,594.1,603.6,419.3,1419.3,371.4,1271.7,780.1,1728.7,5410.6,981.1,1514.8,5219.9,413.6,724.6,706.2,847.2,841.1,1362.0,2679.4,4056.5,4438.0,4332.8,3679.2,1122.2,4441.6,4926.0,4654.6,4654.6,4131.4,4346.8,4586.5,4646.6,5057.4,5035.0,3990.3,893.1,2224.8,1492.6,2086.8,956.1,6624.0,4056.7,1406.2,3989.5,5222.4,1062.1,1060.8,782.6,376.1,290.2,3979.1,4120.3,4056.1,2450.6,4070.1,4568.5,2946.0,4186.4,6549.9,594.0,370.4,4354.4,1686.1,2063.5,2702.6,4862.9,1856.4,4130.9,1644.8,4286.4,3921.2,4490.8,4297.9,1626.3,3889.0,2283.4,4636.2,0.0,4229.2,1906.9,787.6,1487.2,2684.4,2477.9,1537.1,2297.0,1159.2,4954.1,713.0
3471.8,9711.2,3142.9,3145.7,3777.9,3847.2,3919.6,5134.6,3014.8,4773.6,2915.6,4596.5,3167.7,2803.1,3459.9,3606.2,2612.4,4815.7,4808.2,4789.9,4930.9,4924.7,5450.0,6847.8,6494.6,6876.1,6770.8,6117.3,5210.2,1163.5,1313.3,1376.5,1376.5,853.3,1068.7,1308.4,1368.5,1818.0,1795.6,6428.4,4976.7,3663.7,2931.5,6679.1,5039.7,9062.1,6494.8,3436.6,6427.6,2614.9,3247.4,3248.7,4598.9,4732.8,5005.5,6417.2,6558.4,6494.2,5069.9,792.0,1290.4,1997.0,5988.5,8413.4,4996.2,4772.5,1115.0,3716.1,4682.8,3267.9,1623.5,5944.4,852.8,3674.8,1008.3,6359.3,1212.7,1019.8,4256.3,2101.0,4902.6,1358.2,5136.8,0.0,2551.2,3688.2,3572.4,6005.8,5153.9,3576.6,3735.9,3189.3,1714.6,3966.2
1218.8,6886.8,3861.5,3864.3,1525.0,1594.3,1666.6,2881.6,761.9,2520.6,662.6,2343.5,914.7,3521.7,1206.9,1353.3,3331.0,2562.8,2555.3,2536.9,2677.9,2671.8,3197.0,4514.4,4716.4,5097.9,4992.7,4339.1,2957.2,2552.6,3037.1,2765.7,2765.7,2242.4,2457.8,2697.5,2757.7,3168.5,3146.1,4650.2,2723.8,1410.8,678.5,3921.8,2786.7,6237.7,4716.6,1183.6,4649.5,3333.5,994.4,995.8,2346.0,2479.9,2752.5,4639.1,4780.2,4716.0,2816.9,2181.2,2679.5,1057.1,5887.7,8312.5,2743.2,2519.6,2465.5,1463.1,2429.8,1014.9,2974.0,3691.4,2242.0,1421.9,2397.4,4581.1,2601.9,2409.0,2003.4,2000.1,2649.7,2747.3,2883.8,2340.3,0.0,1435.2,1319.4,3752.9,2901.0,1323.7,1483.0,936.3,3065.1,1713.2
6799.8,6485.5,10993.8,10996.6,6512.7,6582.0,6654.3,6747.4,7174.6,5795.0,7027.0,6395.2,7484.0,10654.0,6736.4,6269.2,10463.3,5837.2,5293.9,5482.4,5623.4,5177.4,4065.7,3622.1,3268.9,3650.4,3545.1,2891.5,4988.6,9587.0,10071.4,9800.0,9800.0,9276.8,9492.2,9731.9,9792.0,10202.8,10180.4,3202.6,5669.3,7980.1,7247.8,3453.4,5242.4,5836.4,3269.1,6424.7,3201.9,10465.8,6817.4,6816.0,6397.6,5642.4,6625.4,3191.5,3332.6,3268.5,6215.6,9215.5,9713.9,9847.9,13839.4,10836.3,5947.9,5794.0,9499.8,7441.4,5629.7,7006.5,10008.3,3571.3,9276.3,7400.1,9431.8,3133.5,9636.2,9443.3,6055.0,9951.9,5849.6,9781.6,6749.6,9374.6,7608.5,0.0,6466.4,5440.0,5193.0,6291.5,8052.3,6914.5,10099.5,6700.9
446.9,5869.5,4933.3,4936.1,937.9,1007.3,1079.6,1172.6,355.3,1492.4,489.9,1315.4,911.6,4593.5,610.2,494.1,4402.7,1534.6,1527.1,1508.7,1649.7,1643.6,2168.8,4470.3,4117.1,4498.6,4393.3,3739.8,1929.0,3624.4,4108.8,3837.5,3837.5,3314.2,3529.6,3769.3,3829.5,4240.3,4217.8,4050.9,1695.6,1407.7,675.4,2893.6,1758.6,5220.3,4117.3,342.1,4050.1,4405.2,310.3,309.0,1317.8,1451.7,1050.7,4039.7,4180.9,4116.7,1799.6,3252.9,3751.3,2128.8,3369.3,5794.1,1715.0,1491.4,3537.3,1056.5,1412.5,960.1,4045.8,2663.3,3313.8,1015.3,3469.2,3981.8,3673.7,3480.7,975.2,3071.9,1632.4,3819.1,1174.8,3412.1,1089.7,848.2,0.0,2735.5,1883.7,563.1,1479.9,529.7,4136.9,1126.2
1018.4,5384.5,6012.1,6014.9,1536.0,1489.8,1677.6,1493.3,1292.8,1132.3,1314.4,955.2,1771.4,5672.2,1181.7,829.3,5481.5,1174.5,1166.9,1148.6,1289.6,1283.4,1808.7,3126.1,3328.1,3709.6,3604.3,2950.8,1568.9,4703.2,5187.6,4916.3,4916.3,4393.0,4608.4,4848.1,4908.3,5319.1,5296.6,3261.9,1335.4,2267.5,1535.2,2533.5,1398.4,4735.4,3328.3,984.8,3261.1,5484.0,982.5,981.2,957.6,1091.6,1364.2,3250.7,3391.8,3327.7,1314.6,4331.7,4830.1,3207.6,8038.2,10463.1,1354.9,1131.2,4616.1,1728.7,927.5,1566.5,5124.5,2303.1,4392.6,1687.5,4548.0,3192.8,4752.5,4559.5,615.0,4150.7,1147.4,4897.9,1495.5,4490.9,2168.5,1419.7,1026.5,0.0,1398.7,851.6,2339.7,1201.9,5215.7,1608.7
1695.6,3985.8,6681.6,6684.4,2213.2,2167.0,2354.8,2170.5,1970.0,1809.5,1991.6,1632.4,2448.6,6341.7,1858.9,1506.5,6151.0,1851.7,1844.1,1825.8,1966.8,1960.6,1812.2,2653.9,2300.7,2682.2,2576.9,1923.4,1572.4,5372.7,5857.1,5585.8,5585.8,5062.5,5277.9,5517.6,5577.8,5988.6,5966.1,2234.5,2012.6,2944.7,2212.4,2485.2,2075.6,3336.7,2300.9,1661.9,2233.7,6153.5,1659.7,1658.4,1634.8,1768.7,2041.4,2223.3,2364.4,2300.3,1268.9,5001.2,5499.6,3877.1,8707.7,11132.6,2032.1,1808.4,5285.6,2405.9,683.1,2236.0,5794.1,2603.1,5062.1,2364.7,5217.5,2165.4,5422.0,5229.0,1292.2,4820.2,903.0,5567.4,2172.7,5160.4,2838.0,2096.9,1703.7,1138.6,0.0,1528.8,3016.9,1879.1,5885.2,2285.9
691.6,5727.6,5203.6,5206.4,1182.6,1163.0,1324.3,1328.3,586.5,1361.5,721.2,1184.4,1142.9,4863.8,854.9,69.0,4673.0,1403.7,1396.1,1377.8,1518.8,1512.6,2037.9,3355.3,3557.3,3938.8,3833.5,3180.0,1798.1,3894.7,4379.2,4107.8,4107.8,3584.5,3799.9,4039.6,4099.8,4510.6,4488.2,3491.1,1564.6,1638.9,906.7,2762.7,1627.6,5078.5,3557.5,278.5,3490.3,4675.6,652.8,651.5,1186.8,1320.8,1295.4,3479.9,3621.1,3556.9,1657.8,3523.3,4021.6,2399.2,7229.8,9654.6,1584.1,1360.4,3807.6,1399.0,1270.7,758.0,4316.1,2532.3,3584.1,1357.8,3739.5,3422.0,3944.0,3751.1,844.2,3342.2,1490.5,4089.4,1330.5,3682.4,1360.0,1092.9,320.2,2593.7,1741.8,0.0,1711.2,872.2,4407.2,1281.9
1365.7,6788.2,5160.2,5163.0,1671.8,1741.1,1813.5,1906.5,908.7,2165.0,809.4,2234.1,508.6,4820.3,1353.8,1426.3,4629.6,2207.1,2445.9,2427.5,2568.5,2562.3,3087.6,5204.2,4851.0,5232.4,5127.2,4473.6,2847.8,3851.3,4335.7,4064.4,4064.4,3541.1,3756.5,3996.2,4056.4,4467.2,4444.7,4784.7,2614.3,180.2,825.4,5035.5,2677.3,6139.1,4851.2,1274.3,4784.0,4632.1,1141.3,1142.6,2236.6,2169.7,1784.5,4773.6,4914.7,4850.6,2718.3,3479.8,3978.2,1351.6,2141.9,4566.7,2387.6,2163.9,3764.2,1099.4,2331.2,2047.3,4272.6,3582.0,3540.7,1058.2,3696.1,4715.6,3900.6,3707.6,1893.9,3298.8,2551.1,4046.0,1908.7,3639.0,1316.6,1582.1,1355.3,3654.3,2802.4,1495.3,0.0,1083.2,4363.8,1860.1
443.7,5866.3,4752.5,4755.2,749.9,819.2,891.5,984.6,408.4,1243.0,273.7,1312.2,730.7,4412.6,431.9,803.2,4221.9,1285.2,1523.9,1505.6,1646.6,1640.4,2165.7,4282.3,3929.0,4310.5,4205.3,3551.7,1925.8,3443.6,3928.0,3656.6,3656.6,3133.4,3348.8,3588.5,3648.6,4059.4,4037.0,3862.8,1692.4,1226.8,494.6,4113.6,1755.4,5217.2,3929.3,651.2,3862.1,4224.4,219.4,220.7,1314.6,1247.7,862.6,3851.7,3992.8,3928.6,1796.4,3072.1,3570.5,1948.0,3188.4,5613.3,1465.6,1242.0,3356.4,526.8,1409.3,1639.6,3864.9,2660.1,3132.9,485.6,3288.4,3793.7,3492.8,3299.9,972.0,2891.0,1629.2,3638.2,986.8,3231.2,908.9,660.2,732.3,2732.4,1880.5,870.8,1299.0,0.0,3956.1,938.2
4371.4,10610.9,4042.6,4045.4,4677.6,4746.9,4819.2,6034.3,3914.5,5673.2,3815.2,5496.2,4067.3,3702.8,4359.5,4505.9,3512.0,5715.4,5707.9,5689.5,5830.5,5824.4,6349.6,7747.5,7394.3,7775.7,7670.5,7016.9,6109.8,277.1,127.3,212.5,212.5,587.3,559.8,144.3,506.9,834.1,811.7,7328.0,5876.4,4563.4,3831.1,7578.8,5939.4,9961.8,7394.5,4336.3,7327.3,3514.5,4147.1,4148.4,5498.6,5632.5,5905.1,7316.9,7458.0,7393.8,5969.5,678.6,467.0,2896.7,6888.2,9313.0,5895.8,5672.2,663.3,4615.8,5582.4,4167.5,639.6,6844.1,587.8,4574.5,590.3,7258.9,794.8,1139.3,5156.0,3000.6,5802.3,529.0,6036.5,1408.1,3450.8,4587.9,4472.1,6905.5,6053.6,4476.3,4635.6,4088.9,0.0,4865.8
1504.4,7733.1,6210.4,6213.1,921.9,118.9,1063.5,457.7,1879.2,831.3,1731.6,1240.0,2188.6,5870.5,1441.0,1974.7,5679.8,873.5,1184.5,1166.1,1307.1,1301.0,1821.9,3139.3,4516.4,4897.9,4792.7,4139.1,1582.1,4901.5,5385.9,5114.5,5114.5,4591.3,4806.7,5046.4,5106.5,5517.3,5494.9,4450.2,1353.0,2684.7,1952.5,2546.7,1416.0,7083.9,4516.6,1866.1,4449.4,5682.3,1522.0,1520.7,1242.5,836.0,750.1,4439.0,4580.2,4516.0,2910.5,4530.0,5028.4,3405.9,4646.3,7009.8,1053.9,830.3,4814.3,2146.0,2523.4,3162.5,5322.8,2316.3,4590.8,2104.7,4746.3,4381.1,4950.7,4757.8,2086.2,4348.9,2743.3,5096.1,459.9,4689.1,2366.8,1247.5,1947.1,3144.3,2937.8,1997.0,2756.9,1619.1,5414.0,0.0
