0.0,1373.7,876.5,373.5,1128.1,1314.9,3080.7,3080.7,2871.3,1747.4,521.5,1609.7,481.5,729.7,5261.3,892.5,1234.6,253.4,672.3,941.9,202.6,229.7,635.3,649.8,533.0,177.8,347.5,330.7,278.9,1175.9,929.4,1324.0,1325.9,1459.6,1206.1,508.6,1178.4,1240.2,1183.7,1002.0,1036.2,1204.2,1330.6,4026.2,1933.8,5405.3,3349.7,5624.4,4508.5,3708.7,4205.7,907.9,4353.4,5231.4,4602.5,4179.1,409.1,4757.3,1538.9,837.5,842.3,1277.2,1076.4,1036.8,1425.6,347.5,234.0,544.6,901.7,580.7,859.7,1296.6,395.7,460.2,547.6,1933.1,1366.6,1326.6,1504.2,956.3,4179.1,1315.0,4351.2,1339.5,5090.3,1077.6,1177.0,1294.9,871.3,987.6,799.1,4025.3,630.6,1043.0,406.1,2514.2,4305.1,5452.2,880.9,1232.0,1330.9,1665.2,2336.0,889.5,2764.3,2764.3,3005.6,1532.9,1064.5,1930.0,3094.1,4193.4,3490.7,5721.8
1314.3,0.0,787.5,968.3,161.2,348.0,3675.6,3675.6,3466.2,714.9,1116.3,642.9,1076.3,683.8,3390.7,803.5,657.4,1351.1,1267.2,2254.9,1145.3,1271.6,1230.2,1549.6,1329.6,1120.5,1034.1,1017.2,1320.8,598.7,765.7,291.6,293.5,427.1,173.7,1103.4,601.2,663.1,606.5,956.1,990.4,627.0,298.2,5246.7,901.3,3534.8,3337.6,9202.7,4486.3,4922.2,5419.3,744.2,4410.2,8809.8,8488.5,4761.8,1722.2,4735.2,506.5,1432.3,1437.1,608.9,408.0,459.7,458.7,1034.1,1275.9,1139.4,920.8,1175.5,1454.6,329.8,990.5,1055.0,1142.5,900.6,399.7,294.2,471.7,379.2,4761.8,282.6,4412.5,307.1,7713.4,409.2,873.4,262.5,1466.2,1582.5,1394.0,5245.8,1225.4,997.1,1719.1,3109.1,5525.7,3581.7,791.9,199.5,246.9,508.5,2231.7,858.9,4570.2,4570.2,4364.4,448.9,1033.8,3288.8,1882.2,5552.2,3140.9,6194.5
1160.8,568.3,0.0,814.8,322.7,509.5,3522.1,3522.1,3312.7,942.0,962.8,804.3,922.8,455.6,2683.4,87.1,429.2,1197.6,1113.7,2101.4,991.8,1118.1,1076.6,1396.1,1176.1,967.0,880.5,863.7,1167.3,370.5,612.2,518.6,520.5,654.2,400.7,949.9,373.0,434.9,378.3,727.9,762.1,398.8,525.2,4467.5,1128.4,2539.4,3200.5,5700.0,4349.3,4868.2,5365.2,590.7,4273.2,5307.1,8715.6,4624.7,1568.7,4598.2,733.5,1278.8,1283.6,471.8,271.0,231.5,620.2,880.5,1122.4,985.9,692.6,1022.0,1301.1,491.2,837.0,901.5,824.6,1127.7,561.2,521.2,698.8,151.0,4624.7,509.6,4275.4,534.1,7940.4,272.2,645.2,489.5,1312.7,1428.9,1240.5,4466.6,1071.9,768.9,1565.6,2955.6,4746.4,3808.7,563.7,426.6,804.1,1194.3,1734.5,1046.5,2638.2,2638.2,3460.6,1006.1,1221.5,2385.0,2492.6,4648.5,4431.5,6176.9
671.9,1000.2,503.0,0.0,754.6,941.4,3033.1,3033.1,2823.8,1373.9,148.0,1236.2,108.0,356.2,4490.1,519.0,861.1,627.4,624.7,1531.3,502.8,530.0,587.7,907.2,687.1,478.1,391.6,374.8,579.2,802.4,555.9,950.5,952.4,1086.1,832.6,461.0,804.9,866.8,810.2,628.5,662.7,830.7,957.1,3978.6,1560.3,2971.3,3632.4,10302.0,4781.2,4298.1,4795.1,534.4,4705.1,9909.1,9587.9,4768.5,998.5,5030.1,1165.4,789.9,794.7,903.7,702.9,663.4,1052.1,391.6,534.3,171.1,528.2,533.1,812.1,923.1,348.1,86.7,174.1,1559.6,993.1,953.1,1130.7,582.9,4768.5,941.5,4707.3,966.0,8812.7,704.1,803.5,921.4,823.8,940.0,751.6,3977.7,583.0,669.5,995.5,2466.7,4257.5,4681.0,507.4,858.5,984.9,1319.2,1990.0,543.5,2510.0,2510.0,2751.3,1186.9,718.5,1675.7,2748.1,3939.1,3144.7,5467.5
1186.8,330.1,660.0,840.8,0.0,186.8,3548.0,3548.0,3338.7,703.8,988.8,481.7,948.8,556.2,3379.6,675.9,529.9,1223.5,1139.6,2127.4,1017.7,1144.1,1102.6,1422.1,1202.0,993.0,906.5,889.7,1193.3,471.2,638.2,280.4,282.3,416.0,162.5,975.9,473.6,535.5,479.0,828.5,862.8,499.4,287.0,5235.6,890.2,3523.6,3210.0,9191.6,4358.8,4794.7,5291.7,616.7,4282.7,8798.7,8477.4,4634.3,1594.6,4607.7,495.3,1304.8,1309.6,481.3,280.5,332.1,297.5,906.5,1148.4,1011.9,793.2,1048.0,1327.0,168.5,863.0,927.5,1014.9,889.5,238.5,283.1,460.6,251.6,4634.3,271.4,4284.9,296.0,7702.2,281.7,745.9,251.3,1338.6,1454.9,1266.5,5234.7,1097.9,869.6,1591.6,2981.5,5514.6,3570.6,664.3,188.4,177.8,568.0,1986.0,528.8,2889.7,2889.7,4423.9,379.7,703.7,3348.3,1813.1,5611.7,3200.4,6125.3
1313.0,790.4,1120.2,967.0,460.2,0.0,3674.2,3674.2,3464.8,1164.0,1115.0,396.9,1075.0,1016.4,3629.8,1136.2,990.1,1349.7,1265.8,2253.6,1143.9,1270.3,1228.8,1548.3,1328.2,1119.2,1032.7,1015.9,1319.5,931.4,764.4,740.7,742.6,876.3,622.8,1102.1,933.9,995.7,939.2,1288.8,1323.0,959.7,747.3,5485.8,1140.4,2675.1,3336.2,5835.7,4485.0,4920.9,5417.9,742.9,4408.9,5442.8,8727.6,4760.4,1720.8,4733.9,784.1,1431.0,1435.8,607.5,515.5,792.3,212.7,1032.7,1274.6,1138.1,1253.5,1174.2,1453.2,83.7,989.1,1053.7,1141.1,1139.7,153.7,743.3,857.6,711.8,4760.4,731.7,4411.1,756.2,7952.4,514.3,1206.1,711.6,1464.8,1581.1,1392.6,5484.9,1224.1,1329.8,1717.8,3107.7,5764.7,3820.8,1124.6,648.6,364.6,754.8,2172.8,691.0,3076.5,3076.5,4610.7,566.5,866.0,3535.1,1999.8,5798.5,3387.2,6312.1
3368.5,5174.4,3242.4,3114.2,3493.9,3680.7,0.0,0.0,962.8,4113.3,2887.3,5097.9,2847.4,3095.5,6728.5,3258.3,3600.5,3049.9,2412.7,2663.2,3199.5,2970.4,2800.7,2608.5,3028.4,3174.7,3088.2,3071.4,3019.6,3541.8,3295.3,5124.7,5154.0,3825.5,3572.0,2576.4,3544.3,3606.1,3549.6,3813.7,4104.8,3570.1,3696.5,5101.8,4523.4,6872.5,7733.4,12540.4,9235.9,3343.5,3840.5,3273.8,9159.7,12147.5,11826.3,3814.0,2855.8,9484.7,4888.6,3002.9,3007.7,3643.1,3442.3,3402.7,3791.5,3088.2,2974.8,2910.5,3896.3,2746.1,3025.1,3662.5,3087.4,2826.1,2913.5,4522.7,3732.5,5154.7,4962.0,3322.2,3814.0,5143.1,9162.0,3705.4,11051.1,3443.4,3812.2,3660.8,3036.8,2257.7,2384.8,5100.9,2796.0,4111.5,2858.9,697.6,5380.7,6919.4,3246.7,3597.9,4618.1,4390.0,4186.2,3250.7,1113.3,1113.3,4337.2,4820.1,3425.7,3261.7,5138.7,5525.1,6883.2,7053.5
3368.5,5174.4,3242.4,3114.2,3493.9,3680.7,0.0,0.0,962.8,4113.3,2887.3,5097.9,2847.4,3095.5,6728.5,3258.3,3600.5,3049.9,2412.7,2663.2,3199.5,2970.4,2800.7,2608.5,3028.4,3174.7,3088.2,3071.4,3019.6,3541.8,3295.3,5124.7,5154.0,3825.5,3572.0,2576.4,3544.3,3606.1,3549.6,3813.7,4104.8,3570.1,3696.5,5101.8,4523.4,6872.5,7733.4,12540.4,9235.9,3343.5,3840.5,3273.8,9159.7,12147.5,11826.3,3814.0,2855.8,9484.7,4888.6,3002.9,3007.7,3643.1,3442.3,3402.7,3791.5,3088.2,2974.8,2910.5,3896.3,2746.1,3025.1,3662.5,3087.4,2826.1,2913.5,4522.7,3732.5,5154.7,4962.0,3322.2,3814.0,5143.1,9162.0,3705.4,11051.1,3443.4,3812.2,3660.8,3036.8,2257.7,2384.8,5100.9,2796.0,4111.5,2858.9,697.6,5380.7,6919.4,3246.7,3597.9,4618.1,4390.0,4186.2,3250.7,1113.3,1113.3,4337.2,4820.1,3425.7,3261.7,5138.7,5525.1,6883.2,7053.5
3141.5,4947.4,3015.4,2887.2,3266.9,3453.7,616.1,616.1,0.0,3886.3,2660.3,4871.0,2620.4,2868.5,6501.5,3031.3,3373.5,2822.9,2185.7,3369.3,2972.5,2743.4,2573.7,2381.5,2801.4,2947.7,2861.3,2844.4,2792.6,3314.8,3068.3,4897.7,4927.0,3598.5,3345.0,2349.4,3317.3,3379.1,3322.6,3586.7,3877.8,3343.1,3469.5,4488.9,4296.4,6645.5,7506.4,12313.4,9008.9,6136.1,6633.1,3046.8,8932.7,11920.5,11599.3,11727.8,2628.8,9257.7,4661.6,2775.9,2780.7,3416.1,3215.3,3175.7,3564.5,2861.3,2747.8,2683.5,3669.3,2519.1,2798.1,3435.5,2860.5,2599.1,2686.5,4295.7,3505.5,4927.8,4735.0,3095.2,11727.8,4916.1,8935.0,3478.4,10824.1,3216.4,3585.2,3433.8,2809.8,2030.7,2157.8,4488.0,2569.0,3884.5,2631.9,470.6,4767.9,6692.4,3019.7,3370.9,4408.7,4180.6,3976.9,3041.4,598.4,598.4,4127.9,4610.7,3216.3,3052.3,4929.4,4725.0,6673.9,6844.1
1843.8,759.9,1317.0,1497.8,690.7,877.5,5131.0,5131.0,4921.7,0.0,1645.8,1172.4,1605.8,1213.2,3809.4,1333.0,1186.9,1880.6,1796.7,2784.4,1674.8,1801.1,1759.6,2079.1,1859.1,1650.0,1563.5,1546.7,1850.3,1128.2,1295.2,710.2,712.1,329.6,614.6,1632.9,1130.7,1192.5,1136.0,1485.6,1519.8,1156.5,416.8,5665.4,1319.9,3953.4,4814.3,9621.3,5015.8,5451.7,5948.7,1273.7,4939.7,9228.4,8907.2,9035.7,2251.7,5264.7,925.1,1961.8,1966.6,1138.3,937.5,989.1,988.2,1563.5,1805.4,1668.9,1450.3,1705.0,1984.1,859.3,1520.0,1584.5,1671.9,1319.2,929.2,712.8,890.3,908.6,9035.7,701.2,4941.9,748.0,8132.0,938.7,1402.9,452.5,1995.7,2111.9,1923.5,5664.5,1754.9,1526.6,2248.6,4564.6,5944.3,4000.3,1321.4,640.4,620.6,1033.1,3412.3,1232.6,3509.1,3509.1,4778.3,822.6,1407.5,3702.7,1122.3,5966.1,3665.5,5434.6
956.6,852.2,355.1,610.6,606.6,793.4,3317.8,3317.8,3108.4,1225.9,0.0,1088.3,718.6,208.2,4342.1,371.0,713.2,993.3,909.4,1897.1,787.5,913.8,872.4,1191.8,971.8,762.7,676.3,659.4,963.0,654.4,407.9,802.5,804.4,938.1,684.6,745.7,656.9,718.8,662.2,480.5,514.8,682.7,809.2,4515.8,1412.3,2823.3,3484.5,10154.1,4633.2,4663.9,5161.0,386.4,4557.1,9761.2,9439.9,4908.7,1364.4,4882.1,1017.4,1074.5,1079.3,755.7,554.9,515.4,904.1,676.3,918.2,657.4,445.2,817.7,1096.8,775.1,632.7,697.2,577.2,1411.6,845.1,805.2,982.7,434.9,4908.7,793.5,4559.3,818.1,8664.8,556.1,655.6,773.4,1108.4,1224.7,1036.2,4514.9,867.6,521.6,1361.3,2751.3,4794.7,4533.1,359.4,710.5,1132.8,1467.2,1709.2,691.5,2283.1,2283.1,2524.4,1334.8,866.4,1448.8,2467.3,3712.2,3292.7,5240.7
1500.5,673.2,1386.2,1154.5,726.2,888.4,4554.6,4554.6,4345.3,1197.8,1302.5,0.0,1262.5,1282.4,3233.0,1402.1,1256.0,1537.3,1453.4,2441.1,1331.5,1457.8,1416.3,1735.8,1515.8,1306.7,1220.2,1203.4,1507.0,1197.3,951.9,623.5,652.8,910.0,656.6,1289.6,1199.8,1261.7,1205.1,1646.0,1937.0,1225.6,781.1,5089.0,743.5,3377.0,4237.9,9044.9,5740.4,5108.4,5605.4,930.4,5664.2,8652.0,8330.8,8459.3,1908.4,5989.2,387.3,1618.5,1623.3,795.0,703.0,1058.3,999.2,1220.2,1462.1,1325.6,1728.5,1361.7,1640.8,870.2,1176.7,1241.2,1328.6,742.8,940.2,653.5,460.7,977.8,8459.3,641.9,5666.5,790.0,7555.6,701.8,1644.4,745.4,1652.4,1768.6,1580.2,5088.1,1411.6,1943.8,1905.3,3988.2,5367.9,3423.9,1390.5,682.4,659.5,164.7,3165.6,985.9,4493.7,4493.7,4287.9,861.4,1160.9,3212.3,2294.7,5475.7,3064.4,7004.2
640.4,968.7,471.5,294.4,723.1,909.9,3001.6,3001.6,2792.3,1342.4,116.5,1204.7,0.0,324.7,4458.6,487.5,829.6,595.9,593.2,1499.8,471.3,498.5,556.2,875.7,655.6,446.6,360.1,343.3,547.7,770.9,524.4,919.0,920.9,1054.6,801.1,429.5,773.4,835.3,778.7,597.0,631.2,799.2,925.6,3947.1,1528.8,2939.8,3600.9,10270.5,4749.7,4266.6,4763.6,502.9,4673.6,9877.6,9556.4,4737.0,967.0,4998.6,1133.9,758.4,763.2,872.2,671.4,631.9,1020.6,360.1,502.8,139.6,496.7,501.6,780.6,891.6,316.6,55.2,142.6,1528.1,961.6,921.6,1099.2,551.3,4737.0,910.0,4675.8,934.5,8781.2,672.6,772.0,889.9,792.3,908.5,720.1,3946.2,551.5,638.0,964.0,2435.2,4226.0,4649.5,475.9,827.0,1092.9,1427.2,2333.4,651.5,2243.2,2243.2,2484.4,1294.9,826.5,1408.8,2856.1,3672.3,3252.7,5200.7
931.3,827.0,329.8,585.3,581.3,768.1,3292.5,3292.5,3083.2,1200.7,733.3,1063.0,693.3,0.0,4273.7,345.7,687.9,968.0,884.1,1871.9,762.2,888.6,847.1,1166.6,946.5,737.5,651.0,634.2,937.8,629.2,382.7,777.3,779.2,912.9,659.4,720.4,631.7,693.5,637.0,412.0,446.3,657.5,783.9,4447.3,1387.1,2798.1,3459.2,10085.6,4608.0,4638.7,5135.7,361.2,4531.9,9692.7,9371.4,4883.4,1339.1,4856.8,992.2,1049.3,1054.1,730.5,529.7,490.1,878.9,651.0,892.9,588.9,376.7,792.5,1071.5,749.9,607.5,672.0,508.7,1386.4,819.9,779.9,957.5,409.6,4883.4,768.3,4534.1,792.8,8596.3,530.9,587.1,748.2,1083.2,1199.4,1011.0,4446.4,842.4,453.1,1336.1,2726.0,4726.2,4464.6,334.2,685.3,700.3,1090.6,1544.4,899.7,2491.3,2491.3,3270.5,902.3,1074.6,2194.9,2302.5,4458.3,4241.4,5986.8
3044.3,2888.7,4179.3,2698.3,2948.2,3135.0,6631.1,6631.1,6421.7,3413.4,2846.3,2812.2,2806.3,3989.2,0.0,4195.3,3444.4,3081.1,2997.2,3388.2,2875.3,3001.6,2960.2,3279.6,3059.6,2850.5,2764.1,2747.2,3050.8,3385.7,2495.7,2839.0,2868.3,3125.6,2872.1,2833.4,3388.2,3450.1,3393.5,3722.4,4013.4,3414.0,2996.6,7165.4,2757.0,144.0,1097.0,3950.2,2599.5,3216.7,4419.5,2474.2,2523.4,3557.3,3298.3,2874.9,3452.2,2848.3,2602.8,4621.9,4626.7,2338.9,3195.1,3246.7,3245.8,2764.1,3006.0,2869.4,3804.9,2905.5,4784.3,3116.8,2720.5,2785.0,2872.5,2756.4,3186.8,2869.0,2676.3,3166.2,2874.9,2857.4,2525.6,3005.5,4710.9,3196.2,3720.8,2960.9,4772.6,3312.5,3124.0,7164.5,2955.4,4020.2,3449.1,6064.6,7444.3,283.0,4183.7,2898.0,3296.4,3068.3,4796.2,2395.7,6124.3,6124.3,5918.4,3498.4,1979.9,4842.8,5093.2,7106.2,446.3,8634.7
1073.8,481.3,472.3,727.8,235.6,422.4,3435.0,3435.0,3225.6,854.9,875.7,717.3,835.8,368.5,2596.4,0.0,342.2,1110.5,1026.6,2014.4,904.7,1031.1,989.6,1309.1,1089.0,880.0,793.5,776.7,1080.3,283.4,525.1,431.5,433.4,567.1,313.6,862.9,285.9,347.8,291.2,640.8,675.1,311.7,438.2,4380.4,1041.3,2452.4,3113.5,5613.0,4262.2,4781.1,5278.2,503.7,4186.1,5220.1,8628.5,4537.7,1481.6,4511.1,646.5,1191.8,1196.6,384.7,183.9,144.4,533.1,793.5,1035.4,898.9,605.5,935.0,1214.0,404.2,749.9,814.5,737.5,1040.6,474.1,434.2,611.7,63.9,4537.7,422.6,4188.3,447.1,7853.4,185.1,558.2,402.4,1225.6,1341.9,1153.4,4379.5,984.9,681.9,1478.5,2868.5,4659.4,3721.7,476.6,339.5,820.0,1210.3,1750.4,1062.5,2654.1,2654.1,3476.6,1022.0,1237.4,2401.0,2508.5,4664.4,4447.4,6192.8
1088.6,984.3,487.1,742.6,738.7,925.5,3449.8,3449.8,3240.5,1358.0,890.6,1220.3,850.6,383.3,3099.4,503.1,0.0,1125.3,1041.4,2029.2,919.5,1045.9,1004.4,1323.9,1103.8,894.8,808.3,791.5,1095.1,298.3,540.0,934.6,936.5,1070.2,816.7,877.7,300.8,5.6,306.1,655.7,689.9,326.6,941.2,4395.3,1544.4,2955.4,3616.5,6116.0,4765.3,4796.0,5293.0,518.5,4689.2,5723.1,9615.1,5040.7,1496.4,5014.2,1149.5,1206.6,1211.4,887.8,687.0,159.2,1036.2,808.3,1050.2,913.7,620.4,949.8,1228.8,907.2,764.8,829.3,916.7,1543.7,977.2,937.2,1114.8,566.9,5040.7,925.6,4691.4,950.1,8839.9,688.2,573.0,905.5,1240.5,1356.7,1168.3,4394.4,999.7,696.7,1493.4,2883.4,4674.2,4708.2,491.5,842.6,674.0,1064.2,1788.7,1058.6,2996.3,2996.3,3514.8,875.9,1233.6,2439.2,2546.8,4702.7,3696.6,6231.1
337.3,1487.4,990.2,487.2,1241.7,1428.5,3126.7,3126.7,2917.3,1861.0,635.1,1723.4,595.2,843.3,5307.3,1006.1,1348.3,0.0,718.3,903.9,316.2,343.4,681.3,611.8,495.0,291.5,461.2,444.4,392.6,1289.6,1043.0,1437.7,1439.6,1573.3,1319.8,554.6,1292.0,1353.9,1297.4,1115.6,1149.9,1317.8,1444.3,4072.1,2047.4,5451.3,3311.7,5586.3,4470.5,3670.6,4167.7,1021.5,4315.4,5193.4,4564.4,4141.1,371.1,4719.3,1652.6,883.5,888.3,1390.9,1190.0,1150.5,1539.2,461.2,347.7,658.2,1015.3,626.7,905.7,1410.3,509.3,573.8,661.3,2046.7,1480.2,1440.3,1617.8,1070.0,4141.1,1428.7,4313.2,1453.2,5052.3,1191.2,1290.7,1408.6,917.3,1033.6,845.1,4071.2,676.6,1156.7,368.0,2560.2,4351.1,5498.2,994.5,1345.6,1367.6,1701.9,2535.9,926.3,2445.7,2445.7,2686.9,1569.6,1101.2,1611.3,3130.8,3874.8,3527.4,5403.2
955.8,1326.9,829.7,701.5,1081.3,1268.1,2408.4,2408.4,2199.0,1700.6,474.7,1562.9,434.7,682.8,5014.0,845.6,1187.8,637.2,0.0,1541.1,786.8,557.8,388.0,282.4,615.7,762.0,675.6,658.7,607.0,1129.1,882.6,1277.2,1279.1,1412.8,1159.3,163.7,1131.6,1193.4,1136.9,955.2,989.4,1157.4,1283.8,3778.9,2809.0,5158.0,3959.1,10826.0,5107.9,4307.8,4804.9,861.1,4952.6,10433.0,5201.6,4778.3,1008.3,5356.7,1492.1,590.2,595.0,1230.4,1029.6,990.0,1378.8,675.6,562.1,497.8,854.9,333.4,612.5,1249.8,674.8,413.4,500.8,2808.3,1319.8,1279.8,1457.4,909.5,4778.3,1268.2,4950.4,1292.7,9336.6,1030.8,1130.2,1248.1,624.1,315.3,126.8,3778.0,383.3,996.2,1005.2,1841.9,4057.8,5204.9,834.1,1185.2,1283.7,1618.1,2437.8,842.4,1808.5,1808.5,2588.8,1485.7,1017.3,1513.2,3046.9,3776.6,3443.5,5305.1
1136.4,2325.9,1828.7,1286.3,2080.3,2267.1,2666.6,2666.6,3623.1,2699.6,1473.7,2562.0,1433.7,1681.9,3388.2,1844.7,2186.8,1166.2,1424.1,0.0,1115.3,1142.5,1387.1,1317.5,1200.8,1090.6,1260.3,1243.5,1191.7,2128.1,1881.6,2276.2,2278.1,2411.8,2158.3,1260.3,2130.6,2192.5,2135.9,1954.2,1988.5,2156.4,2282.8,4777.9,3808.0,3379.4,2497.8,4772.4,3656.6,2856.7,3353.8,1860.1,3501.5,4379.5,3750.6,3327.2,709.4,3905.4,2491.1,1589.2,1594.0,2543.4,2028.6,1989.1,2377.8,1260.3,1146.8,1496.8,1853.9,1332.4,1611.5,2248.8,1308.4,1412.4,1499.8,3807.3,2318.8,2278.8,2456.4,1908.6,3327.2,2267.2,3499.3,2291.7,4238.4,2029.8,2129.2,2247.1,1623.1,1372.2,1550.9,4777.0,1382.3,1995.2,706.3,3266.0,5056.8,3150.0,1833.1,2184.2,2271.5,2605.8,3439.8,1830.1,2992.1,2992.1,3590.8,2473.5,2005.1,2515.2,4034.7,4778.6,3560.7,6307.1
516.3,1262.2,765.0,262.0,1016.6,1203.4,2969.2,2969.2,2759.8,1635.9,410.0,1498.2,370.0,618.1,5149.8,781.0,1123.1,471.8,560.8,1375.7,0.0,118.2,523.8,843.3,623.2,322.5,236.0,219.2,167.4,1064.4,817.9,1212.5,1214.4,1348.1,1094.6,397.1,1066.9,1128.7,1072.2,890.5,924.7,1092.7,1219.1,3914.7,1822.3,5293.8,3894.4,6058.2,5043.2,4142.5,4639.5,796.4,4787.2,5665.2,5036.3,4612.9,842.9,5292.0,1427.4,726.0,730.8,1165.7,964.9,925.3,1314.1,236.0,122.5,433.1,790.2,469.2,748.2,1185.1,284.2,348.7,436.1,1821.6,1255.1,1215.1,1392.7,844.8,4612.9,1203.5,4785.0,1228.0,9472.4,966.1,1065.5,1183.4,759.8,876.1,687.6,3913.8,519.1,931.5,839.9,2402.7,4193.6,5340.7,769.4,1120.5,1161.8,1496.1,2166.9,720.5,2595.3,2595.3,2836.5,1363.8,895.4,1760.9,2925.0,4024.3,3321.6,5552.8
398.1,1400.1,903.0,399.9,1154.5,1341.3,3107.2,3107.2,2897.8,1773.8,547.9,1636.2,507.9,756.1,5287.7,918.9,1261.1,353.6,698.8,1257.5,229.0,0.0,661.8,981.2,761.2,204.3,117.8,101.0,305.4,1202.3,955.8,1350.4,1352.3,1486.0,1232.5,535.0,1204.8,1266.7,1210.1,1028.4,1062.7,1230.6,1357.1,4052.6,1960.2,5431.7,3665.3,5939.9,4824.1,4024.2,4521.3,934.3,4669.0,5547.0,4918.0,4494.7,724.7,5072.9,1565.4,863.9,868.7,1303.6,1102.8,1063.3,1452.0,117.8,260.5,571.0,928.1,607.1,886.2,1323.0,422.1,486.6,574.1,1959.5,1393.0,1353.1,1530.6,982.8,4494.7,1341.4,4666.8,1366.0,9610.3,1104.0,1203.5,1321.3,897.8,1014.1,825.6,4051.7,657.0,1069.5,721.7,2540.7,4331.5,5478.7,907.3,1258.4,1288.2,1622.5,2456.5,846.8,2366.2,2366.2,2607.5,1490.2,1021.8,1531.9,3051.4,3795.3,3448.0,5323.8
867.0,1238.1,740.9,612.7,992.5,1179.3,2858.6,2858.6,2649.3,1611.8,385.9,1474.1,345.9,594.1,4797.2,756.9,1099.0,548.4,450.3,1452.3,698.0,469.0,0.0,732.7,526.9,673.2,586.8,569.9,518.2,1040.3,793.8,1188.4,1190.3,1324.0,1070.5,286.5,1042.8,1104.7,1048.1,866.4,900.6,1068.6,1195.0,3562.0,2592.1,4941.2,5802.1,10609.1,5019.1,4219.0,4716.1,772.3,4863.8,10216.2,9894.9,4689.5,919.5,5267.9,1403.3,373.4,378.2,1141.6,940.8,901.3,1290.0,586.8,473.3,409.0,766.1,54.6,224.4,1161.0,586.0,324.6,412.0,2591.4,1231.0,1191.0,1368.6,820.7,4689.5,1179.4,4861.6,1203.9,9119.8,942.0,1041.4,1159.3,236.0,765.5,577.1,3561.1,4.7,907.4,916.4,2292.2,3841.0,4988.1,745.3,1096.4,1246.7,1581.0,2158.7,805.3,2196.5,2196.5,2309.7,1448.7,980.3,1234.1,3111.2,3497.6,3406.5,5026.0
951.5,1322.6,825.4,697.2,1076.9,1263.7,2527.9,2527.9,2318.5,1696.3,470.3,1558.6,430.4,678.5,5009.7,841.3,1183.5,632.9,119.5,1536.7,782.4,553.4,383.7,0.0,611.4,757.7,671.2,654.4,602.6,1124.8,878.3,1272.9,1274.8,1408.5,1155.0,159.4,1127.2,1189.1,1132.6,950.8,985.1,1153.0,1279.5,3774.6,2804.6,5153.7,3954.8,10821.6,5103.6,4303.5,4800.6,856.8,4948.3,10428.7,5197.3,4774.0,1004.0,5352.4,1487.8,585.9,590.7,1226.1,1025.2,985.7,1374.4,671.2,557.8,493.4,850.6,329.1,608.1,1245.5,670.4,409.0,496.5,2803.9,1315.5,1275.5,1453.0,905.2,4774.0,1263.9,4946.0,1288.4,9332.3,1026.4,1125.9,1243.8,619.8,434.8,246.3,3773.7,379.0,991.9,1000.9,1961.4,4053.5,5200.6,829.7,1180.9,1566.2,1900.5,2720.2,1124.8,2004.3,2004.3,2871.2,1768.2,1299.8,1795.6,3329.4,4059.1,3726.0,5587.5
1068.3,1439.3,942.2,814.0,1193.7,1380.5,2644.6,2644.6,2435.3,1813.0,587.1,1675.4,547.1,795.3,5126.5,958.1,1300.3,749.6,236.3,1653.5,899.2,670.2,500.5,116.8,0.0,874.5,788.0,771.2,719.4,1241.5,995.0,1389.6,1391.5,1525.2,1271.7,276.2,1244.0,1305.9,1249.3,1067.6,1101.9,1269.8,1396.3,3891.3,2921.4,5270.5,4071.6,10938.4,5220.3,4420.3,4917.3,973.5,5065.0,10545.5,5314.1,4890.8,1120.8,5469.2,1604.6,702.7,707.5,1342.8,1142.0,1102.5,1491.2,788.0,674.5,610.2,967.3,445.9,724.9,1362.2,787.2,525.8,613.3,2920.7,1432.2,1392.3,1569.8,1022.0,4890.8,1380.6,5062.8,1405.2,9449.1,1143.2,1242.7,1360.5,736.5,551.5,363.1,3890.4,495.8,1108.7,1117.7,2078.2,4170.3,5317.4,946.5,1297.6,1346.1,1680.4,2514.4,904.7,2424.2,2424.2,2665.4,1548.1,1079.7,1589.8,3109.3,3853.3,3505.9,5381.7
541.1,1286.9,789.8,286.7,1041.3,1228.1,2994.0,2994.0,2784.6,1660.6,434.7,1523.0,394.7,642.9,5174.5,805.7,1147.9,496.6,585.6,1400.4,24.7,143.0,548.6,868.0,648.0,0.0,260.8,243.9,192.2,1089.1,842.6,1237.2,1239.1,1372.8,1119.3,421.8,1091.6,1153.5,1096.9,915.2,949.5,1117.4,1243.8,3939.4,1847.0,5318.5,3919.2,6082.9,5067.9,4167.2,4664.3,821.1,4812.0,5690.0,5061.0,4637.7,867.7,5316.8,1452.1,750.7,755.5,1190.4,989.6,950.1,1338.8,260.8,147.3,457.8,814.9,493.9,773.0,1209.8,308.9,373.4,460.9,1846.3,1279.8,1239.9,1417.4,869.6,4637.7,1228.2,4809.7,1252.8,9497.1,990.8,1090.3,1208.1,784.6,900.8,712.4,3938.5,543.8,956.3,864.6,2427.5,4218.3,5365.5,794.1,1145.2,1137.1,1471.4,2142.2,695.7,2570.5,2570.5,2811.8,1339.1,870.7,1736.2,2900.3,3999.6,3296.9,5528.0
573.1,1356.1,858.9,355.9,1110.5,1297.3,3063.1,3063.1,2853.8,1729.8,503.9,1592.2,463.9,712.1,5243.7,874.9,1217.0,235.8,654.7,1139.7,185.0,212.1,617.7,937.2,730.8,160.2,0.0,313.1,261.3,1158.3,911.8,1306.4,1308.3,1442.0,1188.5,491.0,1160.8,1222.7,1166.1,984.4,1018.7,1186.6,1313.0,4008.6,1916.2,5387.7,3547.5,5822.1,4706.2,3906.4,4403.5,890.3,4551.2,5429.2,4800.2,4376.9,606.9,4955.1,1521.3,819.9,824.7,1259.6,1058.8,1019.3,1408.0,0.0,216.5,527.0,884.1,563.1,842.1,1279.0,378.1,442.6,530.0,1915.5,1349.0,1309.0,1486.6,938.8,4376.9,1297.4,4549.0,1321.9,9566.3,1060.0,1159.4,1277.3,853.8,970.0,781.6,4007.7,613.0,1025.4,603.8,2496.6,4287.5,5434.6,863.3,1214.4,1050.6,1384.9,2055.7,609.2,2484.0,2484.0,2725.3,1252.6,784.2,1649.7,2813.8,3913.1,3210.4,5441.6
344.7,1718.4,1221.2,718.2,1472.8,1659.6,3425.4,3425.4,3216.1,2092.1,866.2,1954.5,826.2,1074.4,5606.0,1237.2,1579.3,598.1,1017.1,1286.6,547.3,574.5,980.0,994.5,877.7,522.6,692.3,0.0,623.7,1520.6,1274.1,1668.7,1670.6,1804.3,1550.8,853.3,1523.1,1585.0,1528.4,1346.7,1381.0,1548.9,1675.3,4370.9,2278.5,5750.0,3694.5,5969.1,4853.2,4053.4,4550.4,1252.6,4698.1,5576.2,4947.2,4523.9,753.9,5102.1,1883.6,1182.2,1187.0,1621.9,1421.1,1381.6,1770.3,692.3,578.8,889.3,1246.4,925.4,1204.5,1641.3,740.4,804.9,892.3,2277.8,1711.3,1671.3,1848.9,1301.1,4523.9,1659.7,4695.9,1684.2,5435.0,1422.3,1521.8,1639.6,1216.1,1332.3,1143.9,4370.0,975.3,1387.8,750.8,2859.0,4649.8,5796.9,1225.6,1576.7,1033.8,1368.1,2038.9,592.4,2467.2,2467.2,2708.5,1235.8,767.4,1632.9,2797.0,3896.3,3193.6,5424.7
795.9,1094.8,597.6,94.6,849.1,1035.9,2801.8,2801.8,2592.4,1468.5,242.5,1330.8,202.6,450.7,4982.4,613.5,955.7,477.3,393.4,1381.2,597.4,397.9,356.4,675.9,455.8,572.7,486.2,498.8,0.0,897.0,650.5,1045.1,1047.0,1180.7,927.2,229.7,899.4,961.3,904.8,723.0,757.3,925.3,1051.7,3747.2,1654.8,5126.4,3727.0,6063.6,4875.8,4147.9,4645.0,629.0,4799.6,5670.7,5041.7,4618.4,848.4,5124.6,1260.0,558.6,563.3,998.3,797.5,757.9,1146.6,486.2,402.2,265.6,622.8,301.8,580.8,1017.7,116.7,181.2,268.7,1654.1,1087.7,1047.7,1225.2,677.4,4618.4,1036.1,4801.9,1060.6,9305.0,798.6,898.1,1016.0,592.4,708.7,520.2,3746.3,351.7,764.1,845.3,2235.3,4026.2,5173.3,601.9,953.1,1337.4,1671.7,2505.7,896.0,2415.4,2415.4,2656.7,1539.4,1071.0,1581.1,3100.6,3844.5,3497.2,5373.0
938.9,834.5,337.4,592.9,588.9,775.7,3300.1,3300.1,3090.7,1208.2,740.8,1070.6,700.9,147.3,4281.2,353.3,695.5,975.6,891.7,1879.5,769.8,896.1,854.7,1174.1,954.1,745.0,658.6,641.8,945.3,0.0,390.2,784.8,786.7,920.4,666.9,728.0,2.5,701.1,644.5,419.6,453.8,665.0,791.5,4454.8,1394.6,2805.6,3466.8,10093.1,4615.5,4646.2,5143.3,368.7,4539.4,9700.2,9379.0,4891.0,1346.7,4864.4,999.8,1056.8,1061.6,738.0,537.2,497.7,886.4,658.6,900.5,596.4,384.3,800.1,1079.1,757.5,615.0,679.5,516.3,1393.9,827.4,787.5,965.0,417.2,4891.0,775.9,4541.6,800.4,8603.8,538.4,594.6,755.7,1090.7,1207.0,1018.5,4453.9,849.9,460.6,1343.6,2733.6,4733.8,4472.1,341.7,692.8,615.3,1005.5,1767.9,999.9,2937.6,2937.6,3494.1,817.2,1174.9,2418.5,2526.0,4681.9,3637.9,6210.3
548.6,1202.8,705.6,202.6,957.2,1144.0,2909.8,2909.8,2700.5,1576.5,350.6,1438.9,310.6,558.8,5090.4,721.6,1063.7,585.4,501.5,1489.2,379.6,505.9,464.4,783.9,563.8,354.8,268.3,251.5,555.1,1005.0,0.0,1153.1,1155.0,1288.7,1035.2,337.7,1007.5,1069.4,1012.8,831.1,865.4,1033.3,1159.7,3855.3,1762.9,5234.4,3835.1,6171.7,4983.8,4256.0,4753.0,737.0,4900.7,5778.8,5149.8,4726.5,956.5,5232.7,1368.0,666.6,671.4,1106.3,905.5,866.0,1254.7,268.3,510.2,373.7,730.8,409.8,688.9,1125.7,224.8,289.3,376.7,1762.2,1195.7,1155.8,1333.3,785.5,4726.5,1144.1,4898.5,1168.6,9413.0,906.7,1006.2,1124.0,700.5,816.7,628.3,3854.4,459.7,872.2,953.4,2343.4,4134.2,5281.3,710.0,1061.1,782.3,1116.6,1787.4,340.9,2691.1,2691.1,3513.5,984.2,515.9,2437.9,2545.5,4701.3,2942.1,6229.8
1364.1,49.7,837.3,1018.1,210.9,397.7,3725.3,3725.3,3515.9,764.7,1166.0,692.6,1126.1,733.5,3440.5,853.2,707.1,1400.8,1316.9,2304.6,1195.0,1321.3,1279.9,1599.3,1379.3,1170.2,1083.8,1066.9,1370.5,648.4,815.4,0.0,343.2,476.9,223.4,1153.2,650.9,712.8,656.2,1005.8,1040.1,676.7,347.9,5296.5,951.0,3584.5,3387.3,9252.4,4536.1,4971.9,5469.0,793.9,4459.9,8859.5,8538.2,4811.5,1771.9,4784.9,556.2,1482.0,1486.8,658.6,457.7,509.4,508.4,1083.8,1325.7,1189.1,970.5,1225.2,1504.3,379.5,1040.2,1104.7,1192.2,950.3,449.5,343.9,521.4,428.9,4811.5,332.3,4462.2,356.8,7763.1,458.9,923.1,312.2,1515.9,1632.2,1443.7,5295.6,1275.1,1046.8,1768.8,3158.8,5575.4,3631.4,841.6,249.3,197.2,458.8,2182.0,809.2,4520.5,4520.5,4314.7,399.2,984.1,3239.1,1832.5,5502.5,3091.2,6144.8
1703.5,490.9,1176.7,1357.5,550.4,737.2,4501.6,4501.6,4292.2,1015.6,1505.5,573.3,1465.5,1073.0,3179.9,1192.7,1046.6,1740.3,1656.4,2644.1,1534.5,1660.8,2474.1,1938.8,1718.8,1509.7,1423.3,1406.4,1710.0,987.9,1154.9,441.2,0.0,727.8,474.3,1492.6,990.4,1052.3,995.7,1592.9,1883.9,1016.2,598.8,5035.9,690.5,3323.9,4184.8,8991.8,5687.3,6304.6,9399.0,1133.4,5611.2,8598.9,8277.7,8406.2,2111.4,5936.2,295.6,2492.4,2497.2,998.1,797.2,848.9,847.9,1423.3,1665.1,2047.7,1675.4,2419.4,2654.8,719.0,1379.7,1444.2,1967.5,689.8,788.9,0.7,178.3,768.4,8406.2,459.6,5613.4,607.7,7502.5,798.4,1591.3,563.1,2643.2,3297.4,1783.2,5035.0,2469.3,1890.7,2108.3,3935.1,5314.8,3370.8,1181.1,500.2,199.1,488.1,2183.9,811.1,4549.8,4549.8,4344.0,401.1,986.0,3268.4,1834.4,5531.8,3120.5,6146.7
1556.0,472.1,1029.2,1210.0,402.9,589.7,4843.3,4843.3,4633.9,329.6,1358.0,884.6,1318.0,925.5,3521.6,1045.2,899.1,1592.8,1508.9,2496.6,1387.0,1513.3,1471.9,1791.3,1571.3,1362.2,1275.8,1258.9,1562.5,840.4,1007.4,422.4,424.3,0.0,326.8,1345.1,842.9,904.8,848.2,1197.8,1232.0,868.7,129.0,5377.6,1032.1,3665.6,4526.5,9333.5,4728.0,5163.9,5661.0,985.9,4651.9,8940.6,8619.4,8747.9,1963.9,4976.9,637.3,1674.0,1678.8,850.6,649.7,701.4,700.4,1275.8,1517.6,1381.1,1162.5,1417.2,1696.3,571.5,1232.2,1296.7,1384.2,1031.4,641.4,425.0,602.5,620.9,8747.9,413.4,4654.1,460.2,7844.2,650.9,1115.1,164.7,1707.9,1824.1,1635.7,5376.7,1467.1,1238.8,1960.8,4276.8,5656.5,3712.5,1033.6,352.7,332.8,745.4,2317.6,944.8,3221.3,3221.3,4601.3,534.8,1119.7,3525.7,1451.9,5789.1,3377.7,5764.2
1309.4,225.5,782.6,963.4,156.3,343.1,4596.6,4596.6,4387.3,599.1,1111.4,638.0,1071.4,678.8,3275.0,798.6,652.5,1346.2,1262.3,2250.0,1140.4,1266.7,1225.2,1544.7,1324.7,1115.6,1029.1,1012.3,1315.9,593.8,760.8,175.8,177.7,311.4,0.0,1098.5,596.3,658.1,601.6,951.2,985.4,622.1,182.4,5131.0,785.5,3419.0,4279.9,9086.9,4481.4,4917.3,5414.3,739.3,4405.3,8694.0,8372.7,8501.3,1717.3,4730.3,390.7,1427.4,1432.2,603.9,403.1,454.7,453.8,1029.1,1271.0,1134.5,915.9,1170.6,1449.7,324.9,985.6,1050.1,1137.5,784.8,394.8,178.4,355.9,374.2,8501.3,166.8,4407.5,133.4,7597.6,404.3,868.5,146.7,1461.3,1577.5,1389.1,5130.0,1220.5,992.2,1714.2,4030.2,5409.9,3465.9,787.0,25.9,21.5,491.9,2064.1,691.3,2967.8,2967.8,4347.8,223.4,866.2,3272.2,1736.9,5535.6,3124.2,6049.1
792.1,1163.2,666.0,537.8,917.5,1104.3,2572.1,2572.1,2362.8,1536.8,310.9,1399.2,271.0,519.1,4850.3,681.9,1024.1,473.5,163.7,1377.3,623.0,394.0,224.3,446.2,452.0,598.3,511.8,495.0,443.2,965.4,718.8,1113.5,1115.4,1249.1,995.6,0.0,967.8,1029.7,973.2,791.4,825.7,993.6,1120.1,3615.2,2645.2,4994.3,3795.4,10662.2,4944.2,4144.1,4641.2,697.3,4788.8,10269.3,5037.9,4614.6,844.6,5193.0,1328.4,426.5,431.3,1066.7,865.8,826.3,1215.0,511.8,398.3,334.0,691.1,169.7,448.7,1086.1,511.0,249.6,337.1,2644.5,1156.0,1116.1,1293.6,745.8,4614.6,1104.5,4786.6,1129.0,9172.9,867.0,966.5,1084.4,460.3,479.0,290.6,3614.3,219.6,832.5,841.5,2005.6,3894.1,5041.2,670.3,1021.4,1120.0,1454.3,2274.0,678.6,1972.2,1972.2,2425.1,1322.0,853.6,1349.5,2883.2,3612.9,3279.8,5141.3
936.4,832.1,334.9,590.4,586.4,773.2,3297.6,3297.6,3088.2,1205.8,738.3,1068.1,698.4,144.8,4278.7,350.8,693.0,973.1,889.2,1877.0,767.3,893.7,852.2,1171.7,951.6,742.6,656.1,639.3,942.9,634.3,387.8,782.4,784.3,918.0,664.5,725.5,0.0,698.6,642.1,417.1,451.4,662.6,789.0,4452.3,1392.1,2803.2,3464.3,10090.7,4613.1,4643.7,5140.8,366.3,4536.9,9697.8,9376.5,4888.5,1344.2,4861.9,997.3,1054.4,1059.2,735.6,534.8,495.2,883.9,656.1,898.0,593.9,381.8,797.6,1076.6,755.0,612.5,677.1,513.8,1391.4,825.0,785.0,962.5,414.7,4888.5,773.4,4539.2,797.9,8601.3,535.9,592.2,753.3,1088.2,1204.5,1016.0,4451.4,847.5,458.2,1341.2,2731.1,4731.3,4469.7,339.2,690.4,617.7,1008.0,1770.4,1002.4,2940.1,2940.1,3496.5,819.7,1177.3,2420.9,2528.5,4684.4,3640.4,6212.8
1083.0,978.7,481.5,737.0,733.0,919.8,3444.2,3444.2,3234.8,1352.3,884.9,1214.7,845.0,377.7,3093.8,497.4,158.7,1119.7,1035.8,2023.6,913.9,1040.3,998.8,1318.3,1098.2,889.2,802.7,785.9,1089.5,292.7,534.4,929.0,930.9,1064.6,811.1,872.1,295.1,0.0,300.4,650.0,684.3,320.9,935.6,4389.6,1538.7,2949.8,3610.9,6110.4,4759.7,4790.3,5287.4,512.9,4683.5,5717.5,9609.4,5035.1,1490.8,5008.5,1143.9,1201.0,1205.8,882.2,681.3,153.6,1030.5,802.7,1044.6,908.1,614.7,944.2,1223.2,901.6,759.1,823.7,911.1,1538.0,971.5,931.6,1109.1,561.3,5035.1,920.0,4685.8,944.5,8834.3,682.5,567.4,899.9,1234.8,1351.1,1162.6,4388.7,994.1,691.1,1487.7,2877.7,4668.6,4702.6,485.8,836.9,679.6,1069.8,1794.3,1064.3,3001.9,3001.9,3520.5,881.6,1239.2,2444.9,2552.4,4708.3,3702.2,6236.7
1194.7,1090.4,593.2,848.7,844.8,1031.6,3555.9,3555.9,3346.6,1464.1,996.7,1326.5,956.7,489.5,3205.5,609.2,134.5,1231.4,1147.6,2135.3,1025.7,1152.0,1110.5,1430.0,1209.9,1000.9,914.4,897.6,1201.2,404.4,646.1,1040.7,1042.6,1176.3,922.8,983.8,406.9,140.1,0.0,761.8,796.0,432.7,1047.3,4501.4,1650.5,3061.5,3722.6,6222.1,4871.4,4902.1,5399.1,624.6,4795.3,5829.2,9721.2,5146.8,1602.6,5120.3,1255.6,1312.7,1317.5,993.9,793.1,265.3,1142.3,914.4,1156.3,1019.8,726.5,1055.9,1335.0,1013.3,870.9,935.4,1022.8,1649.8,1083.3,1043.3,1220.9,673.1,5146.8,1031.7,4797.5,1056.2,8946.0,794.3,266.9,1011.6,1346.6,1462.8,1274.4,4500.5,1105.8,802.8,1599.5,2989.5,4780.3,4814.3,597.6,948.7,623.1,1013.3,1737.8,1007.7,2945.4,2945.4,3463.9,825.0,1182.7,2388.3,2495.9,4651.7,3645.7,6180.2
1203.6,1099.3,602.1,857.6,853.7,1040.5,3646.1,3646.1,3436.8,1473.0,576.8,1335.3,965.6,412.0,4006.8,618.1,656.3,1240.3,1156.4,2144.2,1034.5,1160.9,1119.4,1438.9,1218.8,1009.8,923.3,906.5,1210.1,635.6,655.0,1049.6,1051.5,1185.2,931.7,992.7,638.0,661.9,605.4,0.0,436.2,663.8,1056.2,4180.4,1801.8,4150.8,5011.7,9818.8,6514.2,4911.0,5408.0,633.5,6438.1,9425.9,9104.6,9233.1,1611.5,6763.1,2166.9,1321.6,1326.4,1002.8,802.0,762.5,1151.2,923.3,1165.2,600.0,227.7,1064.8,1343.8,1022.2,879.8,944.3,519.8,1801.1,1092.2,1052.2,1229.8,682.0,9233.1,1040.6,6440.3,1065.1,8329.4,803.2,320.3,1020.5,1355.5,1471.7,1283.3,4179.5,1114.7,443.0,1608.4,3079.6,4459.4,4197.8,606.5,957.6,972.6,1481.3,1277.6,1172.0,3209.5,3209.5,3003.7,1174.6,1346.9,1928.1,2035.7,4191.5,3974.5,5720.0
1076.0,971.7,474.5,730.0,726.1,912.9,3437.2,3437.2,3227.9,1345.4,878.0,1207.7,838.0,284.4,4418.4,490.5,220.1,1112.7,1028.8,2016.6,906.9,1033.3,991.8,1311.3,1091.2,882.2,795.7,778.9,1082.5,199.4,527.4,922.0,923.9,1057.6,804.1,865.1,201.8,225.7,169.2,556.7,0.0,227.6,928.6,4592.0,1531.8,2942.8,3603.9,10230.3,4752.7,4783.4,5280.4,505.9,4676.6,9837.4,9516.1,5028.1,1483.8,5001.6,1136.9,1194.0,1198.8,875.2,674.4,351.0,1023.6,795.7,1037.6,733.6,521.4,937.2,1216.2,894.6,752.2,816.7,653.4,1531.1,964.6,924.6,1102.2,554.4,5028.1,913.0,4678.8,937.5,8741.0,675.6,436.1,892.9,1227.9,1344.1,1155.7,4591.1,987.1,6.8,1480.8,2870.8,4870.9,4609.3,478.9,830.0,1006.9,1772.3,1568.6,1206.3,3500.6,3500.6,3294.7,1208.9,1381.2,2219.1,2326.7,4482.5,4265.6,6011.0
1078.8,974.5,477.3,732.8,728.8,915.6,3440.0,3440.0,3230.6,1348.2,880.8,1210.5,840.8,287.2,4421.1,493.2,835.4,1115.5,1031.6,2019.4,909.7,1036.1,994.6,1314.1,1094.0,885.0,798.5,781.7,1085.3,202.1,530.2,924.8,926.7,1060.4,806.9,867.9,204.6,841.0,784.5,559.5,593.8,0.0,931.4,4594.8,1534.5,2945.6,3606.7,10233.1,4755.5,4786.2,5283.2,508.7,4679.4,9840.2,9518.9,5030.9,1486.6,5004.3,1139.7,1196.8,1201.6,878.0,677.2,637.6,1026.4,798.5,1040.4,736.4,524.2,940.0,1219.0,897.4,755.0,819.5,656.2,1533.9,967.4,927.4,1105.0,557.1,5030.9,915.8,4681.6,940.3,8743.8,678.3,734.6,895.7,1230.6,1346.9,1158.5,4593.9,989.9,600.6,1483.6,2873.5,4873.7,4612.1,481.7,832.8,643.5,1033.8,1796.2,1028.2,2965.9,2965.9,3522.3,845.5,1203.2,2446.8,2554.3,4710.2,3666.2,6238.6
1427.1,343.1,900.3,1081.1,273.9,460.7,4714.3,4714.3,4504.9,416.8,1229.0,755.6,1189.1,796.5,3392.6,916.2,770.1,1463.8,1379.9,2367.6,1258.0,1384.3,1342.9,1662.3,1442.3,1233.2,1146.8,1130.0,1433.5,711.4,878.4,293.4,295.3,129.0,197.8,1216.2,713.9,775.8,719.2,1068.8,1103.1,739.7,0.0,5248.6,903.2,3536.6,4397.5,9204.5,4599.1,5034.9,5532.0,856.9,4522.9,8811.6,8490.4,8618.9,1834.9,4847.9,508.3,1545.0,1549.8,721.6,520.8,572.4,571.5,1146.8,1388.7,1252.1,1033.5,1288.3,1567.3,442.5,1103.2,1167.7,1255.2,902.5,512.5,296.0,473.6,491.9,8618.9,284.4,4525.2,331.2,7715.2,521.9,986.1,35.7,1578.9,1695.2,1506.7,5247.7,1338.1,1109.9,1831.8,4147.8,5527.5,3583.5,904.6,223.7,203.8,616.4,2188.6,815.8,3092.3,3092.3,4472.3,405.8,990.8,3396.7,1539.1,5660.1,3248.8,5851.4
4275.4,5634.2,4730.5,4021.1,5693.8,5880.5,5093.5,5093.5,4480.6,6048.1,3794.2,5557.7,3754.3,4540.4,7188.2,4746.4,4784.7,3956.8,3858.6,4860.6,4106.4,3877.3,3579.6,4141.1,3935.3,4081.6,3995.1,3978.3,3926.5,4763.9,4783.3,5584.5,5613.8,5871.1,5617.6,3694.9,4766.4,4790.3,4733.7,4273.5,4564.5,4792.2,5742.1,0.0,4983.2,7332.3,8193.2,13000.2,9695.6,7627.4,8124.5,4761.8,9619.5,12607.3,12286.0,12414.5,4327.9,9944.5,5348.3,3597.9,3602.7,5131.1,4930.3,4890.8,5991.3,3995.1,3881.7,3817.4,4356.0,3524.9,3760.3,5862.3,3994.3,3732.9,3820.4,4982.5,5932.3,5614.5,5421.8,4810.3,12414.5,5602.9,9621.7,5751.0,11510.9,4931.5,4271.9,5706.4,3748.7,4402.9,3985.4,0.9,3574.8,4571.3,4324.8,4948.0,432.6,7379.2,4734.8,5643.5,5152.4,4924.3,4720.6,4196.2,4889.1,4889.1,1633.6,5354.4,4371.1,3343.8,5673.0,2681.5,7417.5,3229.2
1980.3,767.7,1453.5,1634.3,827.2,1014.0,4487.0,4487.0,4277.7,1292.3,2010.0,691.2,2634.2,1349.8,2606.1,1469.5,1323.4,2836.7,2738.6,3740.6,1811.3,2757.3,2459.5,3021.0,2815.2,1786.5,1700.1,1683.2,2806.5,1264.7,1431.7,718.0,747.3,1004.6,751.1,2574.8,1267.2,1329.0,1272.5,1578.4,1869.4,1293.0,875.6,5021.4,0.0,2750.1,3611.0,8418.0,5113.5,5730.7,8825.2,1410.2,5037.4,8025.1,7703.9,7832.4,3207.8,5362.3,481.8,2477.9,2482.6,1274.8,1074.0,1125.6,1124.7,1700.1,2761.6,2033.1,1660.9,2404.9,2640.2,995.8,1656.5,2612.9,1953.0,0.7,1065.7,748.0,555.2,1045.1,7832.4,736.4,5039.6,884.5,6928.7,1075.2,1576.8,839.9,2628.6,3282.8,2865.4,5020.5,2454.8,1876.2,3204.8,3920.6,5300.3,2797.0,1457.9,776.9,807.0,578.8,2591.1,1418.9,3919.2,3919.2,3713.4,1009.0,1593.9,2637.8,2888.2,4901.2,3009.2,6429.6
2900.3,3032.7,4323.3,2554.3,3092.3,3279.1,6775.1,6775.1,6565.7,3557.4,2702.3,2956.2,2662.3,4133.2,144.0,4339.3,3588.5,2937.0,2853.2,3379.4,2731.3,2857.6,2816.1,3135.6,2915.5,2706.5,2620.0,2603.2,2906.8,3529.8,2351.7,2983.0,3012.3,3269.6,3016.1,2689.4,3532.2,3594.1,3537.5,3866.4,4157.4,3558.0,3140.6,7309.4,2901.1,0.0,1241.0,4094.2,2743.5,3360.8,4563.6,2330.2,2667.4,3701.3,3442.3,3018.9,3308.2,2992.4,2746.8,4765.9,4770.7,2194.8,2430.0,3390.7,3389.8,2620.0,2861.9,2725.4,3948.9,2761.5,3040.6,3260.8,2576.5,2641.0,2728.4,2900.4,3330.8,3013.0,2820.3,3310.2,3018.9,3001.4,2669.6,3149.5,4854.9,2428.8,3864.8,3104.9,3052.2,3168.4,2980.0,7308.5,2811.4,4164.2,3305.1,6208.6,7588.3,427.0,4327.7,3042.0,3440.4,3212.3,4940.2,2251.6,6268.3,6268.3,6062.4,3642.4,1835.8,4986.8,5237.2,7250.3,590.4,8778.7
3561.5,3893.6,3718.5,3215.5,3953.2,4140.0,7636.0,7636.0,7426.6,4418.3,3363.4,3817.1,3323.5,3571.6,1097.0,3734.4,4449.4,3598.2,3514.3,2497.8,3392.4,3518.7,3477.3,3796.7,3576.7,3367.6,3281.2,3264.3,3567.9,4390.6,3012.8,3843.9,3873.2,4130.5,3877.0,3350.6,4393.1,4455.0,4398.4,4727.3,5018.3,4418.9,4001.5,8170.3,3762.0,1241.0,0.0,3059.8,1709.1,2326.4,3529.2,2991.3,1633.0,2666.9,2407.9,1984.5,3117.2,1958.0,3607.7,3679.4,3684.2,2856.0,3091.1,4251.6,4250.7,3281.2,3523.1,3386.5,4809.8,3422.6,3701.7,4121.7,3237.6,3302.1,3389.6,3761.3,4191.7,3873.9,3681.2,4171.1,1984.5,3862.3,1635.2,4010.4,2712.3,3089.9,4725.7,3965.8,3713.3,3829.6,3641.1,8169.4,3472.5,5025.1,3114.1,7069.5,8449.2,858.8,3722.8,3902.9,4301.3,4073.2,5801.1,2912.8,7129.2,7129.2,6923.3,4503.3,2497.0,5847.7,6098.1,8111.2,1269.5,9639.6
5840.4,8004.8,9295.5,5745.7,8064.4,8251.2,11747.2,11747.2,11537.8,8529.5,5893.7,7928.3,5853.7,9105.3,3981.0,9311.4,8560.6,6128.4,6044.5,4793.9,5922.6,6049.0,9719.7,6327.0,6106.9,5897.9,5811.4,5794.6,6098.2,8501.9,5543.1,7955.1,7984.4,8241.7,7988.2,5880.8,8504.3,8566.2,8509.7,8838.5,9129.5,8530.1,8112.7,12281.5,7873.2,4125.0,3090.6,0.0,1897.9,1944.1,2471.4,5521.6,1457.6,608.5,1350.1,1478.6,5413.3,1518.0,7719.0,9738.0,9742.8,5386.2,8311.2,8362.8,8361.9,5811.4,6053.3,5916.8,8921.0,9665.0,9900.4,8232.9,5767.9,5832.4,9213.1,7872.5,8302.9,7985.2,7792.4,8282.3,1478.6,7973.5,1455.4,8121.6,1461.6,8312.4,8836.9,8077.0,9888.8,10543.0,6171.4,12280.6,9714.9,9136.3,5410.3,11180.7,12560.4,3742.8,9299.8,8014.1,9108.4,8880.2,10608.1,5412.3,11936.2,11936.2,11730.4,9310.3,4996.5,10654.8,10905.2,12918.2,4122.7,14446.6
4695.6,5381.5,4852.6,4349.6,4334.8,4497.1,7056.8,7056.8,6847.4,5906.1,4497.5,5305.0,4457.6,4705.7,2584.8,4868.5,4864.7,4732.3,4648.4,3641.9,4526.5,4652.9,4611.4,4930.9,4710.8,4501.8,4415.3,4398.5,4702.1,4806.0,4147.0,5331.8,5361.1,5618.4,5364.9,4484.7,4808.5,4870.3,4813.8,6215.2,6506.2,4834.3,5489.4,9658.1,5249.8,2728.9,1694.5,1852.5,0.0,1119.1,2321.9,4125.5,425.7,1459.6,1200.6,777.2,4261.3,605.1,5095.6,4813.6,4818.4,3990.1,4225.2,4666.9,4607.8,4415.3,4657.2,4520.7,6297.7,4556.8,4835.8,4478.8,4371.7,4436.3,4523.7,5249.1,4548.8,5361.8,5169.0,4586.4,777.2,5350.2,427.9,5498.3,1505.0,4224.0,6213.6,5453.7,4847.4,4963.7,4775.2,9657.2,4606.7,6513.0,4258.3,6490.3,9937.1,2346.7,4856.9,5390.7,4502.9,5575.7,7303.6,4061.5,8631.7,8631.7,8425.8,4704.9,3645.7,7350.2,7600.6,9613.6,2772.0,11142.1
3903.2,5971.6,4595.5,4053.0,4785.3,4947.6,3343.5,3343.5,6676.8,5466.4,4240.4,5895.2,4200.5,4448.6,3175.0,4611.4,4953.6,3932.9,4190.8,2856.7,3882.1,3909.3,4153.8,4084.3,3967.5,3857.4,4027.1,4010.2,3958.5,4894.9,4597.4,5921.9,5951.2,5178.6,4925.1,4027.1,4897.4,4959.2,4902.7,4720.9,4755.2,4923.2,5049.6,7544.7,5840.0,3319.0,2284.6,1922.6,1092.0,0.0,1342.2,4575.9,651.7,1529.7,900.7,477.4,3476.1,1340.8,5685.8,4356.0,4360.8,4440.6,4675.7,4755.8,5058.3,4027.1,3913.6,4263.6,4620.7,4099.2,4378.2,4929.3,4075.2,4179.2,4266.6,5839.3,4999.3,5952.0,5759.2,4675.3,477.4,5940.3,649.4,5058.5,1388.5,4674.5,4896.0,5013.9,4389.9,4139.0,4317.7,7543.8,4149.1,4762.0,3473.1,6032.8,7823.6,2936.8,4599.9,4951.0,4938.8,6192.9,6206.6,4497.4,5758.9,5758.9,6357.6,5140.7,4081.6,5282.0,6801.5,7545.4,3389.3,9073.8
4400.3,8459.2,5092.6,4550.1,5282.4,5444.6,3840.5,3840.5,7173.9,5963.4,4737.5,8382.7,4697.5,4945.7,5844.7,5108.5,5450.6,4430.0,4687.9,3353.8,4379.2,4406.3,4650.9,4581.3,4464.6,4354.4,4524.1,4507.3,4455.5,5391.9,5094.5,8409.5,8438.7,5675.6,5422.1,4524.2,5394.4,5456.3,5399.7,5218.0,5252.3,5420.2,5546.6,8041.7,8327.5,5988.7,3513.7,2484.5,2321.0,1342.2,0.0,5073.0,1880.7,2091.6,1110.3,1520.7,3973.2,2569.9,8173.3,4853.1,4857.8,4937.6,5172.8,5252.9,5555.3,4524.1,4410.6,4760.6,5117.7,4596.3,4875.3,5426.4,4572.2,4676.2,4763.7,8326.8,5496.4,8439.5,8246.7,5172.4,1520.7,8427.9,1878.5,5555.6,1915.9,5171.6,5393.1,5510.9,4886.9,4636.0,4814.7,8040.8,4646.1,5259.1,3970.1,6529.8,8320.7,4165.9,5096.9,5448.0,5435.8,9287.4,6703.6,4994.4,6255.9,6255.9,6854.6,5637.8,4578.6,5779.0,7298.5,8042.5,6161.0,9570.9
570.1,1224.3,727.1,224.1,978.7,1165.5,2931.3,2931.3,2722.0,1598.0,372.1,1460.4,332.1,580.3,5111.9,743.1,1085.2,606.9,523.0,1510.7,401.1,527.4,485.9,805.4,585.3,376.3,289.8,273.0,576.6,1026.5,21.5,1174.6,1176.5,1310.2,1056.7,359.2,1029.0,1090.9,1034.3,852.6,886.9,1054.8,1181.2,3876.8,1784.4,5255.9,3856.6,6193.2,5005.3,4277.5,4774.5,0.0,4922.2,5800.3,5171.3,4748.0,978.0,5254.2,1389.5,688.1,692.9,1127.8,927.0,887.5,1276.2,289.8,531.7,395.2,752.3,431.3,710.4,1147.2,246.3,310.8,398.2,1783.7,1217.2,1177.2,1354.8,807.0,4748.0,1165.6,4920.0,1190.1,9434.5,928.2,1027.7,1145.5,722.0,838.2,649.8,3875.9,481.2,893.6,974.9,2364.9,4155.7,5302.8,731.5,1082.6,760.8,1095.1,1765.9,319.4,2669.6,2669.6,3492.0,962.7,494.4,2416.4,2524.0,4679.8,2920.6,6208.3
4634.1,5320.0,4791.1,4288.1,4273.3,4435.6,6995.3,6995.3,6785.9,5844.7,4436.1,5243.5,4396.1,4644.2,2523.4,4807.0,4803.2,4670.8,4586.9,3543.2,4465.0,4591.4,4549.9,4869.4,4649.3,4440.3,4353.8,4337.0,4640.6,4744.5,4085.5,5270.3,5299.6,5556.9,5303.4,4423.2,4747.0,4808.8,4752.3,6153.7,6444.7,4772.8,5427.9,9596.7,5188.3,2667.4,1633.0,1426.9,440.3,693.4,1896.2,4064.0,0.0,1033.9,774.9,351.6,4162.6,689.2,5034.1,4752.1,4756.9,3928.6,4163.7,4605.4,4546.3,4353.8,4595.7,4459.2,6236.2,4495.3,4774.3,4417.3,4310.2,4374.8,4462.2,5187.6,4487.3,5300.3,5107.5,4524.9,351.6,5288.7,2.2,5436.8,1079.3,4162.5,6152.1,5392.2,4785.9,4902.2,4713.7,9595.7,4545.2,6451.5,4159.5,6428.8,9875.6,2285.2,4795.5,5329.3,4426.8,5499.6,7227.4,3985.4,8555.5,8555.5,8349.7,4628.8,3569.6,7274.1,7524.5,9537.5,2695.9,11066.0
5447.5,7611.9,8902.5,5352.8,7671.5,7858.3,11354.3,11354.3,11144.9,8136.6,5500.8,7535.4,5460.8,8712.4,3588.1,8918.5,8167.7,5735.5,5651.6,4401.0,5529.7,5656.1,9326.8,5934.1,5714.0,5505.0,5418.5,5401.7,5705.3,8108.9,5150.2,7562.2,7591.5,7848.8,7595.3,5487.9,8111.4,8173.3,8116.7,8445.6,8736.6,8137.2,7719.8,11888.6,7480.3,3732.1,2697.7,608.5,1505.0,1551.2,2078.5,5128.7,1064.7,0.0,957.2,1085.7,5020.4,1799.3,7326.0,9345.1,9349.9,4993.3,7918.3,7969.9,7969.0,5418.5,5660.4,5523.9,8528.1,9272.1,9507.5,7840.0,5375.0,5439.5,8820.2,7479.6,7910.0,7592.2,7399.5,7889.4,1085.7,7580.6,1062.5,7728.7,1068.7,7919.5,8444.0,7684.1,9495.9,10150.1,5778.5,11887.7,9322.0,8743.4,5017.4,10787.8,12167.5,3349.9,8906.9,7621.2,8715.5,8487.3,10215.2,5019.4,11543.3,11543.3,11337.4,8917.4,4603.6,10261.9,10512.3,12525.3,3729.8,14053.7
4772.2,7348.9,8639.5,5058.5,7408.4,7595.2,11091.2,11091.2,10881.8,7873.5,5206.5,7272.4,5166.5,8449.4,4734.4,8655.4,7904.6,4801.9,5059.8,3725.7,4751.1,4778.2,9063.7,4953.3,4836.5,4726.3,5124.2,4879.2,4827.4,7845.9,4855.9,7299.2,7328.4,7585.7,7332.2,4896.1,7848.4,7910.2,7853.7,8182.5,8473.6,7874.2,7456.8,11625.5,7217.2,4878.4,2403.4,1374.2,1210.7,875.9,1121.3,4834.4,770.4,981.3,0.0,410.4,4345.1,1459.6,7063.0,9082.0,9086.8,4699.0,7655.2,7706.8,7705.9,5124.2,4782.5,8637.3,8265.1,9009.1,9244.4,7576.9,5080.7,5145.2,8557.2,7216.5,7646.9,7329.2,7136.4,7626.3,410.4,7317.6,768.2,7465.7,805.6,7656.4,8181.0,7421.0,9232.8,5007.9,5186.6,11624.6,9059.0,8480.3,4342.0,10524.7,11904.5,3055.6,8643.8,7358.1,8394.2,8166.1,9893.9,4760.3,11222.1,11222.1,11016.2,8596.2,4344.5,9940.6,10191.0,12204.0,5039.7,13732.5
4361.8,7454.4,5151.2,4648.1,7513.9,7700.7,3802.1,3802.1,7135.4,7979.1,4796.1,7377.9,4756.1,5004.3,2883.4,5167.1,8010.1,4391.5,4649.4,3315.3,4340.7,4367.9,4612.4,4542.9,4426.1,4316.0,4713.9,4468.8,4417.1,7951.4,4445.5,7404.7,7434.0,7691.3,7437.8,4485.7,7953.9,8015.8,7959.2,8288.1,8579.1,7979.7,7562.3,11731.1,7322.7,3027.4,1993.0,1479.8,800.4,465.5,1544.6,4424.0,360.1,1086.9,423.3,0.0,3934.7,1049.2,7168.5,4814.6,4819.4,4288.7,4523.8,7812.4,7811.5,4713.9,4372.2,4819.2,8370.6,4557.8,4836.8,7682.5,4670.3,4734.8,4822.3,7322.1,7752.5,7434.7,7242.0,7731.9,0.0,7423.1,357.8,7571.2,911.1,4522.6,8286.5,7526.6,4848.5,4597.6,4776.3,11730.2,4607.7,8585.9,3931.7,10630.3,12010.0,2645.2,5155.5,7463.7,8522.7,8294.6,10022.5,4337.0,11350.6,11350.6,11144.7,8724.7,3921.2,10069.1,10319.5,12332.5,3047.5,13861.0
557.0,1746.4,1249.3,706.8,1500.8,1687.6,2851.5,2851.5,2642.2,2120.1,894.2,1982.5,854.2,1102.4,5433.6,1265.2,1607.4,586.7,844.6,740.4,535.9,563.0,807.6,738.1,621.3,511.1,680.8,664.0,612.2,1548.6,1302.1,1696.7,1698.6,1832.3,1578.8,680.9,1551.1,1613.0,1556.4,1374.7,1409.0,1576.9,1703.4,4198.4,3228.5,5577.6,3148.3,5422.9,4307.0,3507.2,4004.3,1280.6,4152.0,5030.0,4401.0,3977.7,0.0,4555.9,1911.7,1009.8,1014.6,1649.9,1449.1,1409.6,1798.3,680.8,567.3,917.3,1274.4,753.0,1032.0,1669.3,729.0,832.9,920.4,3227.8,1739.3,1699.4,1876.9,1329.1,3977.7,1687.7,4149.7,1712.3,4888.8,1450.3,1549.8,1667.6,1043.6,662.8,971.4,4197.5,802.9,1415.8,3.1,2285.1,4477.4,3800.5,1253.6,1604.7,1738.7,2073.1,2907.0,1297.4,2251.6,2251.6,3058.0,1940.7,1472.3,1982.5,3501.9,4245.9,3898.5,5774.3
4959.1,5645.0,5116.1,4613.1,4598.3,4760.6,7320.3,7320.3,7110.9,6169.6,4761.0,5568.5,4721.1,4969.2,2848.3,5132.0,5128.2,4995.8,4911.9,3905.4,4790.0,4916.4,4874.9,5194.4,4974.3,4765.3,4678.8,4662.0,4965.6,5069.5,4410.4,5595.3,5624.5,5881.8,5628.3,4748.2,5071.9,5133.8,5077.3,6478.6,6769.7,5097.7,5752.9,9921.6,5513.3,2992.4,1958.0,1518.0,583.5,1382.5,2585.4,4388.9,689.2,1723.1,1464.1,1040.7,4524.8,0.0,5359.1,5077.1,5081.8,4253.6,4488.7,4930.4,4871.3,4678.8,4920.7,4784.1,6561.2,4820.3,5099.3,4742.3,4635.2,4699.7,4787.2,5512.6,4812.3,5625.3,5432.5,4849.9,1040.7,5613.7,691.4,5761.8,1768.5,4487.5,6477.1,5717.1,5110.9,5227.2,5038.7,9920.7,4870.2,6776.4,4521.7,6753.8,10200.6,2610.1,5120.4,5654.2,4751.8,5824.5,7552.4,4310.4,8880.5,8880.5,8674.7,4953.7,3894.6,7599.1,7849.5,9862.5,3020.9,11390.9
1624.2,411.5,1097.4,1278.2,471.0,657.8,4331.6,4331.6,4122.2,936.2,1854.6,403.3,1386.2,993.6,3009.9,1113.3,967.2,1660.9,1577.0,2564.8,1455.1,1581.5,2304.1,1859.5,1639.4,1430.4,1343.9,1327.1,1630.7,908.5,1075.5,361.8,391.1,648.4,394.9,1413.3,911.0,972.9,916.3,1422.9,1713.9,936.8,519.4,4865.9,520.5,3153.9,4014.8,8821.9,5517.3,6134.6,9229.0,1054.0,5441.2,8428.9,8107.7,8236.2,2032.0,5766.2,0.0,2322.4,2327.2,918.7,717.9,769.5,768.6,1343.9,1585.8,1877.7,1505.4,2249.5,2484.8,639.6,1300.3,1364.8,1797.5,519.8,709.6,391.8,199.1,689.0,8236.2,380.2,5443.4,528.3,7332.5,719.0,1421.3,483.7,2473.2,3127.4,1703.8,4865.0,2299.3,1720.7,2028.9,3765.1,5144.8,3200.9,1101.7,420.8,412.1,222.6,2956.2,1024.1,4284.4,4284.4,4078.5,614.1,1199.1,3002.9,2047.4,5266.3,2855.0,6794.8
1214.7,1585.8,1088.6,960.4,1340.1,1526.9,3112.5,3112.5,2903.2,1959.4,733.5,1821.8,693.6,941.7,4882.0,1104.5,1446.7,896.1,797.9,1799.9,1045.6,816.6,574.7,1080.4,874.6,1020.9,934.4,917.6,865.8,1388.0,1141.5,1536.1,1538.0,1671.7,1418.2,634.2,1390.4,1452.3,1395.8,1214.0,1248.3,1416.2,1542.7,3646.8,2676.9,5026.0,5886.9,10693.9,7389.4,4566.7,5063.8,1120.0,7313.2,10301.0,9979.8,5037.2,1267.2,7638.2,3042.1,0.0,4.8,1489.3,1288.4,1248.9,1637.6,934.4,820.9,756.6,1113.7,464.2,350.3,1508.7,933.6,672.2,759.7,2676.2,1578.7,1538.7,3115.5,1168.4,5037.2,1527.1,7315.5,1551.6,9204.6,1289.6,1965.7,1507.0,338.6,1113.2,924.7,3645.9,579.4,1255.1,1264.1,2546.1,3925.8,5072.9,1092.9,1444.0,1448.9,2380.8,2177.0,1007.5,2398.7,2398.7,2328.1,1650.9,1182.5,1252.5,3129.5,3515.9,4874.0,5044.3
1209.9,1581.0,1083.8,955.6,1335.3,1522.1,3107.7,3107.7,2898.4,1954.7,728.7,1817.0,688.8,936.9,4877.2,1099.7,1441.9,891.3,793.1,1795.1,1040.9,811.8,569.9,1075.6,869.8,1016.1,929.6,912.8,861.0,1383.2,1136.7,1531.3,1533.2,1666.9,1413.4,629.4,1385.6,1447.5,1391.0,1209.2,1243.5,1411.5,1537.9,3642.1,2672.1,5021.2,5882.1,10689.1,7384.6,4561.9,5059.0,1115.2,7308.4,10296.2,9975.0,5032.4,1262.4,7633.4,3037.3,4.8,0.0,1484.5,1283.7,1244.1,1632.8,929.6,816.2,751.8,1109.0,459.4,345.5,1503.9,928.8,667.4,754.9,2671.4,1573.9,1533.9,3110.7,1163.6,5032.4,1522.3,7310.7,1546.8,9199.8,1284.8,1960.9,1502.2,333.9,1108.4,919.9,3641.2,574.6,1250.3,1259.3,2541.3,3921.0,5068.1,1088.1,1439.3,1453.7,2385.6,2181.8,1012.3,2403.5,2403.5,2332.9,1655.7,1187.3,1257.3,3134.3,3520.7,4878.8,5049.1
1071.7,764.0,1093.9,725.7,433.9,596.2,3432.9,3432.9,3223.6,1137.7,873.7,891.1,833.7,1081.9,2577.9,1109.8,963.8,1108.4,1024.5,2012.3,902.6,1029.0,987.5,1307.0,1086.9,877.9,791.4,774.6,1078.2,905.1,523.1,714.3,716.2,849.9,596.4,860.8,907.5,969.4,912.9,1354.2,1388.5,933.3,720.9,4378.4,1324.1,2433.8,3095.0,5594.5,4243.7,4679.6,5176.6,501.6,4167.6,5201.5,4942.5,4519.2,1479.5,4492.6,929.2,1189.7,1194.5,0.0,324.3,766.0,706.9,791.4,1033.3,896.8,1253.9,932.9,1211.9,577.9,747.9,812.4,899.8,1323.4,647.9,717.0,894.5,685.5,4519.2,705.3,4169.8,729.9,8136.1,323.1,1179.8,685.2,1223.6,1339.8,1151.4,4377.5,982.8,1395.2,1476.5,2866.5,4657.3,2860.9,1098.3,622.3,625.4,959.7,2135.2,184.0,3038.9,3038.9,3861.3,827.4,359.0,2785.7,2260.7,5049.1,2785.2,6572.9
1009.9,652.1,982.0,663.9,322.0,484.2,3371.1,3371.1,3161.7,1025.8,811.8,779.1,771.9,878.2,2516.0,997.9,851.8,1046.6,962.7,1950.5,840.8,967.2,925.7,1245.2,1025.1,816.1,729.6,712.8,1016.4,793.1,461.3,602.4,604.3,738.0,484.5,799.0,795.6,857.5,800.9,1292.3,1326.6,821.4,609.0,4316.5,1212.2,2372.0,3033.1,5532.6,4181.9,4617.7,5114.8,439.8,4105.8,5139.7,4880.7,4457.3,1417.7,4430.7,817.3,1127.9,1132.7,304.4,0.0,654.1,595.0,729.6,971.5,835.0,1192.1,871.1,1150.1,466.0,686.0,750.6,838.0,1211.5,536.0,605.0,782.6,573.6,4457.3,593.4,4108.0,617.9,8024.2,1.2,1067.8,573.3,1161.7,1278.0,1089.5,4315.6,921.0,1333.4,1414.7,2804.6,4595.5,2799.0,986.3,510.4,424.6,814.8,1934.4,419.2,2838.1,2838.1,3660.5,626.6,594.1,2584.9,2059.9,4848.3,3447.2,6372.1
1015.7,911.4,414.2,669.7,665.8,852.6,3376.9,3376.9,3167.6,1285.1,817.7,1147.4,777.7,224.1,4358.1,430.1,197.8,1052.4,968.5,1956.3,846.6,973.0,931.5,1251.0,1030.9,821.9,735.4,718.6,1022.2,139.1,467.1,861.7,863.6,997.3,743.8,804.8,141.5,203.4,146.8,496.4,530.7,167.3,868.3,4531.7,1471.5,2882.5,3543.6,10170.0,4692.4,4723.1,5220.1,445.6,4616.3,9777.1,9455.8,4967.8,1423.5,4941.2,1076.6,1133.7,1138.5,814.9,614.1,0.0,963.3,735.4,977.3,673.3,461.1,876.9,1155.9,834.3,691.9,756.4,593.1,1470.8,904.3,864.3,1041.9,494.0,4967.8,852.7,4618.5,877.2,8680.7,615.3,413.8,832.6,1167.6,1283.8,1095.4,4530.8,926.8,537.5,1420.5,2810.5,4810.6,4549.0,418.6,769.7,476.2,866.4,1894.8,860.9,2798.5,2798.5,3621.0,678.2,1035.8,2545.4,2111.5,4808.8,3498.8,6337.2
1620.3,918.4,1506.0,1274.3,846.0,1008.3,4799.9,4799.9,4590.5,1443.1,1422.3,245.2,1382.3,1402.2,3478.2,1521.9,1375.9,1657.1,1573.2,2560.9,1451.3,1577.6,1536.2,1855.6,1635.6,1426.5,1340.1,1323.2,1626.8,1317.1,1071.7,868.7,898.0,1155.3,901.8,1409.4,1319.6,1381.5,1324.9,1891.2,2182.2,1345.4,1026.3,5334.2,988.8,3622.2,4483.1,9290.1,4792.3,5228.2,5725.3,1050.2,4716.2,8897.2,8576.0,8704.5,2028.2,5041.2,632.5,1738.3,1743.1,914.9,822.8,1178.1,0.0,1340.1,1581.9,1445.4,1973.7,1481.5,1760.6,990.0,1296.5,1361.0,1448.5,988.1,1060.0,898.7,705.9,1097.6,8704.5,887.1,4718.5,1035.2,7800.8,821.7,1889.6,990.6,1772.2,1888.5,1700.0,5333.3,1531.4,2189.0,2025.1,4233.4,5613.1,3669.1,1510.3,927.7,475.3,865.5,2283.6,801.8,3187.3,3187.3,4721.4,677.3,976.7,3645.8,2110.6,5909.3,3497.9,6422.8
573.1,1356.1,858.9,355.9,1110.5,1297.3,3063.1,3063.1,2853.8,1729.8,503.9,1592.2,463.9,712.1,5243.7,874.9,1217.0,235.8,654.7,1139.7,185.0,212.1,617.7,937.2,730.8,160.2,0.0,313.1,261.3,1158.3,911.8,1306.4,1308.3,1442.0,1188.5,491.0,1160.8,1222.7,1166.1,984.4,1018.7,1186.6,1313.0,4008.6,1916.2,5387.7,3547.5,5822.1,4706.2,3906.4,4403.5,890.3,4551.2,5429.2,4800.2,4376.9,606.9,4955.1,1521.3,819.9,824.7,1259.6,1058.8,1019.3,1408.0,0.0,216.5,527.0,884.1,563.1,842.1,1279.0,378.1,442.6,530.0,1915.5,1349.0,1309.0,1486.6,938.8,4376.9,1297.4,4549.0,1321.9,9566.3,1060.0,1159.4,1277.3,853.8,970.0,781.6,4007.7,613.0,1025.4,603.8,2496.6,4287.5,5434.6,863.3,1214.4,1050.6,1384.9,2055.7,609.2,2484.0,2484.0,2725.3,1252.6,784.2,1649.7,2813.8,3913.1,3210.4,5441.6
840.8,1139.7,642.5,139.4,894.0,1080.8,2846.7,2846.7,2637.3,1513.3,287.4,1375.7,247.4,495.6,5027.2,658.4,1000.6,522.2,438.3,1426.0,642.3,442.7,401.3,720.7,500.7,617.6,531.1,543.7,44.9,941.9,695.3,1089.9,1091.8,1225.5,972.0,274.5,944.3,1006.2,949.7,767.9,802.2,970.1,1096.6,3792.1,1699.7,5171.3,3771.9,6108.5,4920.6,4192.8,4689.9,673.8,4844.5,5715.6,5086.6,4663.3,893.3,5169.5,1304.9,603.4,608.2,1043.2,842.3,802.8,1191.5,531.1,0.0,310.5,667.6,346.6,625.7,1062.6,161.6,226.1,313.6,1699.0,1132.5,1092.6,1270.1,722.3,4663.3,1081.0,4846.7,1105.5,9349.8,843.5,943.0,1060.8,637.3,753.6,565.1,3791.2,396.5,809.0,890.2,2280.2,4071.0,5218.2,646.8,997.9,1292.5,1626.8,2460.8,851.1,2370.6,2370.6,2611.8,1494.5,1026.1,1536.2,3055.7,3799.6,3452.3,5328.1
500.8,1155.0,657.9,154.8,909.4,1096.2,2862.1,2862.1,2652.7,1528.7,302.8,1391.1,262.8,511.0,5042.6,673.8,1015.9,456.4,453.7,1360.2,331.8,358.9,416.6,736.1,516.1,307.0,220.6,203.7,408.1,957.2,710.7,1105.3,1107.2,1240.9,987.4,289.9,959.7,1021.6,965.0,783.3,817.6,985.5,1111.9,3807.5,1715.1,5186.6,3787.3,6042.7,4926.8,4127.0,4624.0,689.2,4771.7,5649.8,5020.8,4597.5,827.5,5175.7,1320.2,618.8,623.6,1058.5,857.7,818.2,1206.9,220.6,363.2,0.0,683.0,362.0,641.1,1077.9,177.0,241.5,329.0,1714.4,1147.9,1108.0,1285.5,737.7,4597.5,1096.3,4769.5,1120.9,9365.2,858.9,958.4,1076.2,652.7,768.9,580.5,3806.6,411.9,824.4,824.4,2295.6,4086.4,5233.6,662.2,1013.3,1156.0,1490.3,1732.3,714.6,2306.3,2306.3,2547.5,1357.9,889.6,1471.9,2490.4,3735.3,3315.8,5263.8
913.2,1241.5,744.4,567.2,995.9,1182.7,3274.5,3274.5,3065.1,1615.2,389.3,1477.6,675.2,597.5,4221.3,760.3,752.9,868.8,866.1,1772.6,744.2,771.3,829.1,1148.5,928.5,719.4,633.0,616.1,820.5,732.2,797.2,1191.8,1193.7,1327.4,1073.9,702.3,734.7,758.6,702.0,246.1,532.8,760.5,1198.4,4394.9,2016.2,4365.3,5226.2,10033.2,5022.5,4539.4,5036.5,775.7,4946.4,9640.3,9319.0,5009.9,1239.9,5271.4,1406.7,1031.2,1036.0,1145.0,944.2,904.7,1293.4,633.0,775.7,412.4,0.0,774.4,1053.5,1164.4,589.4,653.9,332.3,2015.5,1234.4,1194.5,1372.0,824.2,5009.9,1182.8,4948.6,1207.4,8543.9,945.4,534.7,1162.7,1065.1,1181.4,992.9,4394.0,824.3,539.6,1236.8,2708.0,4673.8,4412.2,748.7,1099.8,937.3,1563.8,1360.1,1071.7,3292.1,3292.1,3086.2,1139.3,1246.7,2010.6,2118.2,4274.0,4057.1,5802.5
812.4,1183.5,686.3,558.1,937.8,1124.6,2804.0,2804.0,2594.6,1557.2,331.2,1419.5,291.3,539.4,4742.5,702.2,1044.4,493.8,395.6,1397.6,643.4,414.3,54.6,678.1,472.3,618.6,532.1,515.3,463.5,985.7,739.2,1133.8,1135.7,1269.4,1015.9,231.9,988.2,1050.0,993.5,811.7,846.0,1014.0,1140.4,3507.4,2537.5,4886.6,5747.5,10554.5,4964.5,4164.4,4661.5,717.7,4809.2,10161.6,9840.3,4634.9,864.9,5213.3,1348.7,318.7,323.5,1087.0,886.2,846.6,1235.4,532.1,418.7,354.4,711.5,0.0,279.0,1106.4,531.3,270.0,357.4,2536.8,1176.4,1136.4,1313.9,766.1,4634.9,1124.8,4806.9,1149.3,9065.1,887.3,986.8,1104.7,290.7,710.9,522.4,3506.5,49.9,852.8,861.8,2237.5,3786.4,4933.5,690.6,1041.8,1192.1,1526.4,2104.1,750.7,2141.9,2141.9,2255.1,1394.1,925.7,1179.5,3056.6,3442.9,3351.9,4971.4
1091.5,1462.5,965.3,837.1,1216.9,1403.7,3083.1,3083.1,2873.7,1836.2,610.3,1698.6,570.3,818.5,4937.9,981.3,1323.4,772.8,674.7,1676.7,922.4,693.4,224.4,957.1,751.3,897.7,811.2,794.4,742.6,1264.7,1018.2,1412.8,1414.7,1548.4,1294.9,510.9,1267.2,1329.1,1272.5,1090.8,1125.1,1293.0,1419.4,3702.8,2732.8,5081.9,5942.8,10749.8,7445.3,4443.5,4940.5,996.7,7369.2,10356.9,10035.7,4913.9,1143.9,7694.1,1627.7,380.7,385.4,1366.0,1165.2,1125.7,1514.4,811.2,697.7,633.4,990.5,279.0,0.0,1385.4,810.4,549.0,636.4,2732.1,1455.4,1415.4,1593.0,1045.2,4913.9,1403.8,7371.4,1428.3,9260.5,1166.4,1265.8,1383.7,11.6,989.9,801.5,3701.9,229.2,1131.8,1140.9,2516.6,3981.7,5128.8,969.7,1320.8,1471.1,2543.2,2339.4,1029.8,2420.9,2420.9,2490.4,1673.1,1204.7,1414.9,3291.9,3678.3,5036.4,5206.7
1229.3,706.7,1036.5,883.3,376.5,134.6,3590.5,3590.5,3381.1,1080.3,1031.2,313.1,991.3,932.7,3546.1,1052.4,906.4,1266.0,1182.1,2169.9,1060.2,1186.6,1145.1,1464.6,1244.5,1035.5,949.0,932.2,1235.8,847.7,680.7,656.9,658.8,792.5,539.0,1018.4,850.2,912.0,855.5,1205.0,1239.3,876.0,663.6,5402.1,1056.7,2591.4,3252.5,5752.0,4401.3,4837.1,5334.2,659.2,4325.2,5359.1,8643.9,4676.7,1637.1,4650.1,700.4,1347.3,1352.1,523.8,431.8,708.6,129.0,949.0,1190.9,1054.4,1169.8,1090.5,1369.5,0.0,905.4,970.0,1057.4,1056.0,70.0,659.6,773.9,628.1,4676.7,648.0,4327.4,672.5,7868.7,430.6,1122.4,627.8,1381.1,1497.4,1308.9,5401.2,1140.4,1246.1,1634.1,3024.0,5681.0,3737.0,1040.9,564.9,346.3,736.6,2154.6,672.8,3058.3,3058.3,4592.5,548.3,847.7,3516.9,1981.6,5780.3,3368.9,6293.8
693.5,1178.5,681.3,439.2,932.9,1119.7,2685.1,2685.1,2475.7,1552.2,326.3,1414.6,286.3,534.5,4865.6,697.3,1039.4,374.8,276.7,1278.7,524.4,295.4,239.7,559.1,353.3,499.7,413.2,396.4,344.6,980.7,734.2,1128.8,1130.7,1264.4,1010.9,112.9,983.2,1045.1,988.5,806.8,841.1,1009.0,1135.4,3630.5,2660.6,5009.6,3686.5,5961.2,4845.3,4045.5,4542.5,712.7,4690.2,5568.2,4939.3,4515.9,745.9,5094.1,1343.7,441.8,446.6,1082.0,881.2,841.7,1230.4,413.2,299.7,349.4,706.5,185.0,464.1,1101.4,0.0,265.0,352.4,2659.9,1171.4,1131.4,1309.0,761.2,4515.9,1119.8,4688.0,1144.3,9188.2,882.4,981.8,1099.7,475.7,592.0,403.5,3629.6,234.9,847.8,742.9,2118.6,3909.4,5056.6,685.7,1036.8,1007.0,1341.4,2012.2,565.7,2483.2,2483.2,2724.5,1209.0,740.6,1648.9,2770.2,3912.3,3166.8,5440.8
585.2,913.5,416.3,239.2,667.9,854.7,2946.5,2946.5,2737.1,1287.2,61.3,1149.6,347.2,269.5,4403.4,432.3,774.4,540.8,538.1,1444.6,416.2,443.3,501.1,820.5,600.5,391.4,305.0,288.1,492.5,715.7,469.2,863.8,865.7,999.4,745.9,374.3,718.2,780.1,723.5,541.8,576.1,744.0,870.4,3891.9,1473.6,2884.6,3545.8,10215.4,4694.5,4211.4,4708.4,447.7,4618.4,9822.5,9501.2,4681.9,911.9,4943.4,1078.7,703.2,708.0,817.0,616.2,576.7,965.4,305.0,447.6,84.4,441.5,446.4,725.5,836.4,261.4,0.0,87.4,1472.9,906.4,866.4,1044.0,496.2,4681.9,854.8,4620.6,879.3,8726.0,617.4,716.9,834.7,737.1,853.3,664.9,3891.0,496.3,582.8,908.8,2380.0,4170.8,4594.4,420.7,771.8,1071.6,1405.9,2312.1,630.2,2221.9,2221.9,2463.1,1273.5,805.2,1387.5,2834.8,3650.9,3231.4,5179.4
650.9,979.2,482.0,304.9,733.5,920.3,3012.1,3012.1,2802.7,1352.9,126.9,1215.2,412.9,335.1,4424.0,497.9,840.1,606.4,603.7,1510.3,481.8,509.0,566.7,886.2,666.1,457.1,370.6,353.8,558.2,781.4,534.9,929.5,931.4,1065.1,811.6,440.0,783.8,845.7,789.2,562.3,641.7,809.7,936.1,3957.5,1539.2,2950.3,3611.4,10235.9,4760.2,4277.0,4774.1,513.4,4684.0,9843.0,9521.7,4747.5,977.5,5009.0,1144.4,768.9,773.7,882.7,681.9,642.3,1031.0,370.6,513.3,150.1,424.0,512.1,791.1,902.1,327.0,391.6,0.0,1538.5,972.1,932.1,1109.6,561.8,4747.5,920.5,4686.3,945.0,8746.6,683.0,737.4,900.4,802.7,919.0,730.5,3956.6,562.0,648.5,974.4,2445.6,4236.5,4614.9,486.3,837.5,1159.0,1855.9,1652.2,717.6,2309.3,2309.3,2550.5,1361.0,892.6,1475.0,2410.3,3738.4,3318.8,5266.8
1979.6,767.0,1452.8,1633.6,826.5,1013.3,4486.4,4486.4,4277.0,1291.7,2009.3,690.5,2633.5,1349.1,2605.4,1468.8,1322.7,2836.0,2737.9,3739.9,1810.6,2756.6,2458.8,3020.3,2814.5,1785.8,1699.4,1682.5,2805.8,1264.0,1431.0,717.3,746.6,1003.9,750.4,2574.2,1266.5,1328.4,1271.8,1577.7,1868.7,1292.3,874.9,5020.7,0.7,2749.4,3610.3,8417.3,5112.8,5730.1,8824.5,1409.5,5036.7,8024.4,7703.2,7831.7,3207.2,5361.6,481.1,2477.2,2482.0,1274.2,1073.3,1125.0,1124.0,1699.4,2760.9,2032.4,1660.2,2404.2,2639.6,995.1,1655.8,2612.2,1952.3,0.0,1065.0,747.3,554.5,1044.5,7831.7,735.7,5038.9,883.8,6928.0,1074.5,1576.1,839.2,2627.9,3282.2,2864.7,5019.8,2454.1,1875.5,3204.1,3919.9,5299.6,2796.3,1457.2,776.3,806.3,578.2,2590.4,1418.3,3918.5,3918.5,3712.7,1008.3,1593.2,2637.1,2887.5,4900.5,3008.5,6428.9
1159.3,636.7,966.5,813.3,306.5,170.3,3520.5,3520.5,3311.2,1010.4,961.3,567.1,921.3,862.8,2665.4,982.5,836.4,1196.0,1112.1,2099.9,990.2,1116.6,1075.1,1394.6,1174.5,965.5,879.0,862.2,1165.8,777.7,610.7,587.0,588.9,722.6,469.1,948.4,780.2,842.1,785.5,1135.1,1169.3,806.0,593.6,4466.0,1196.7,2521.4,3182.5,5682.0,4331.3,4767.2,5264.2,589.2,4255.2,5289.1,5030.1,4606.8,1567.1,4580.2,801.9,1277.3,1282.1,453.8,361.8,638.7,382.9,879.0,1120.9,984.4,1099.8,1020.5,1299.5,254.0,835.5,900.0,987.4,1196.0,0.0,589.6,767.1,558.2,4606.8,578.0,4257.4,602.5,8008.8,360.6,1052.4,557.9,1311.2,1427.4,1239.0,4465.1,1070.4,1176.1,1564.1,2954.0,4744.9,2948.5,970.9,495.0,416.3,806.5,2224.6,742.8,3128.3,3128.3,4662.4,618.3,917.7,3586.9,2051.6,5850.3,3438.9,6363.8
1702.8,490.2,1176.0,1356.8,549.7,736.5,4500.8,4500.8,4291.5,1014.8,1504.8,572.6,1464.8,1072.2,3179.2,1191.9,1045.9,1739.5,1655.6,2643.4,1533.7,1660.1,2473.3,1938.1,1718.0,1509.0,1422.5,1405.7,1709.3,987.2,1154.2,440.4,469.7,727.0,473.5,1491.9,989.6,1051.5,995.0,1592.2,1883.2,1015.5,598.1,5035.2,689.7,3323.2,4184.1,8991.1,5686.6,6303.8,9398.2,1132.7,5610.4,8598.2,8277.0,8405.5,2110.6,5935.4,294.9,2491.7,2496.5,997.3,796.5,848.1,847.2,1422.5,1664.4,2046.9,1674.7,2418.7,2654.0,718.2,1379.0,1443.5,1966.8,689.0,788.2,0.0,177.5,767.6,8405.5,458.8,5612.7,607.0,7501.8,797.7,1590.6,562.3,2642.4,3296.6,1782.5,5034.3,2468.6,1890.0,2107.6,3934.4,5314.1,3370.1,1180.4,499.4,199.9,488.8,2184.6,811.8,4550.5,4550.5,4344.7,401.8,986.8,3269.1,1835.1,5532.5,3121.2,6147.4
1607.0,394.3,1080.2,1261.0,453.9,640.7,4405.0,4405.0,4195.7,919.0,1409.0,476.7,1369.0,976.4,3083.4,1096.1,950.1,1643.7,1559.8,2547.6,1437.9,1564.3,2377.5,1842.3,1622.2,1413.2,1326.7,1309.9,1613.5,891.4,1058.4,344.6,373.9,631.2,377.7,1396.1,893.8,955.7,899.2,1496.4,1787.4,919.6,502.2,4939.4,593.9,3227.4,4088.3,8895.3,5590.8,6208.0,9302.4,1036.9,5514.6,8502.4,8181.1,8309.7,2014.8,5839.6,199.1,2395.8,2400.6,901.5,700.7,752.3,751.4,1326.7,1568.6,1951.1,1578.9,2322.9,2558.2,622.4,1283.2,1347.7,1871.0,593.2,692.4,374.7,0.0,671.8,8309.7,363.0,5516.9,511.1,7406.0,701.9,1494.8,466.5,2546.6,3200.8,1686.6,4938.4,2372.8,1794.2,2011.8,3838.6,5218.3,3274.3,1084.5,403.6,377.4,296.0,3029.7,989.4,4357.8,4357.8,4151.9,579.4,1164.3,3076.4,2012.7,5339.8,2928.4,6868.2
1009.9,905.6,408.4,663.9,659.9,846.7,3371.1,3371.1,3161.7,1279.2,811.8,1141.6,771.9,304.6,4438.6,424.3,278.3,1046.6,962.7,1950.5,840.8,967.2,925.7,1245.2,1025.1,816.1,729.6,712.8,1016.4,219.6,461.3,855.9,857.8,991.5,738.0,799.0,222.0,283.9,227.4,576.9,611.2,247.8,862.5,4316.5,1465.6,2876.7,3537.8,6037.3,4686.6,4717.2,5214.3,439.8,4610.4,5644.4,9536.3,4962.0,1417.7,4935.4,1070.8,1127.9,1132.7,809.1,608.2,80.5,957.4,729.6,971.5,835.0,541.6,871.1,1150.1,828.5,686.0,750.6,673.6,1464.9,898.5,858.5,1036.0,0.0,4962.0,846.9,4612.7,871.4,8761.2,609.4,494.3,826.8,1161.7,1278.0,1089.5,4315.6,921.0,618.0,1414.7,2804.6,4595.5,4629.5,412.7,763.8,395.7,785.9,1814.3,780.4,2718.0,2718.0,3540.5,597.7,955.3,2464.9,2031.0,4728.3,3418.3,6256.7
4361.8,7454.4,5151.2,4648.1,7513.9,7700.7,3802.1,3802.1,7135.4,7979.1,4796.1,7377.9,4756.1,5004.3,2883.4,5167.1,8010.1,4391.5,4649.4,3315.3,4340.7,4367.9,4612.4,4542.9,4426.1,4316.0,4713.9,4468.8,4417.1,7951.4,4445.5,7404.7,7434.0,7691.3,7437.8,4485.7,7953.9,8015.8,7959.2,8288.1,8579.1,7979.7,7562.3,11731.1,7322.7,3027.4,1993.0,1479.8,800.4,465.5,1544.6,4424.0,360.1,1086.9,423.3,0.0,3934.7,1049.2,7168.5,4814.6,4819.4,4288.7,4523.8,7812.4,7811.5,4713.9,4372.2,4819.2,8370.6,4557.8,4836.8,7682.5,4670.3,4734.8,4822.3,7322.1,7752.5,7434.7,7242.0,7731.9,0.0,7423.1,357.8,7571.2,911.1,4522.6,8286.5,7526.6,4848.5,4597.6,4776.3,11730.2,4607.7,8585.9,3931.7,10630.3,12010.0,2645.2,5155.5,7463.7,8522.7,8294.6,10022.5,4337.0,11350.6,11350.6,11144.7,8724.7,3921.2,10069.1,10319.5,12332.5,3047.5,13861.0
1714.4,501.8,1187.6,1368.4,561.3,748.1,4512.5,4512.5,4303.1,1026.4,1516.4,584.2,1476.4,1083.8,3190.8,1203.6,1057.5,1751.2,1667.3,2655.0,1545.4,1671.7,2484.9,1949.7,1729.6,1520.6,1434.1,1417.3,1720.9,998.8,1165.8,452.1,10.9,738.6,485.2,1503.5,1001.3,1063.1,1006.6,1603.8,1894.8,1027.1,609.7,5046.8,701.4,3334.8,4195.7,9002.7,5698.2,6315.4,9409.9,1144.3,5622.1,8609.8,8288.6,8417.1,2122.3,5947.0,306.5,2503.3,2508.1,1008.9,808.1,859.7,858.8,1434.1,1676.0,2058.6,1686.3,2430.3,2665.7,729.8,1390.6,1455.1,1978.4,700.7,799.8,11.6,189.2,779.2,8417.1,0.0,5624.3,618.6,7513.4,809.3,1602.2,574.0,2654.1,3308.3,1794.1,5045.9,2480.2,1901.6,2119.2,3946.0,5325.7,3381.7,1192.0,511.0,188.2,477.2,2173.0,800.2,4538.9,4538.9,4333.1,390.2,975.1,3257.5,1823.5,5520.9,3109.6,6135.8
4636.3,5322.2,4793.3,4290.3,4275.5,4437.8,6997.5,6997.5,6788.2,5846.9,4438.3,5245.7,4398.3,4646.5,2525.6,4809.3,4805.4,4673.0,4589.2,3541.0,4467.2,4593.6,4552.1,4871.6,4651.5,4442.5,4356.0,4339.2,4642.8,4746.7,4087.7,5272.5,5301.8,5559.1,5305.6,4425.4,4749.2,4811.1,4754.5,6155.9,6446.9,4775.0,5430.1,9598.9,5190.5,2669.6,1635.2,1424.6,442.5,691.2,1894.0,4066.2,2.2,1031.7,772.7,349.3,4160.4,691.4,5036.3,4754.3,4759.1,3930.8,4166.0,4607.7,4548.5,4356.0,4597.9,4461.4,6238.4,4497.5,4776.6,4419.6,4312.5,4377.0,4464.4,5189.9,4489.6,5302.5,5109.8,4527.2,349.3,5290.9,0.0,5439.0,1077.1,4164.8,6154.3,5394.4,4788.2,4904.4,4716.0,9598.0,4547.4,6453.7,4157.3,6431.1,9877.8,2287.4,4797.7,5331.5,4429.0,5501.8,7229.7,3987.6,8557.8,8557.8,8351.9,4631.0,3571.8,7276.3,7526.7,9539.7,2698.1,11068.2
1442.8,358.9,916.1,1096.8,289.7,476.5,4730.1,4730.1,4520.7,732.6,1244.8,771.4,1204.8,812.3,3408.4,932.0,785.9,1479.6,1395.7,2383.4,1273.8,1400.1,1358.7,1678.1,1458.1,1249.0,1162.6,1145.7,1449.3,727.2,894.2,309.2,311.1,444.8,133.4,1231.9,729.7,791.6,735.0,1084.6,1118.9,755.5,315.8,5264.4,918.9,3552.4,4413.3,9220.3,4614.9,5050.7,5547.8,872.7,4538.7,8827.4,8506.2,8634.7,1850.7,4863.7,524.1,1560.8,1565.6,737.4,536.5,588.2,587.2,1162.6,1404.5,1267.9,1049.3,1304.0,1583.1,458.3,1119.0,1183.5,1271.0,918.3,528.3,311.8,489.4,507.7,8634.7,300.2,4541.0,0.0,7731.0,537.7,1001.9,280.1,1594.7,1711.0,1522.5,5263.5,1353.9,1125.6,1847.6,4163.6,5543.3,3599.3,920.4,107.5,149.3,625.3,2197.5,824.7,3101.2,3101.2,4481.2,144.7,999.7,3405.6,1870.3,5669.0,3257.7,6182.6
8435.4,6543.3,7833.9,8089.4,6602.8,6789.6,10285.6,10285.6,10076.2,7067.9,7808.6,6466.8,8432.8,7643.8,3928.8,7849.8,7099.0,8635.3,8537.2,4219.0,8266.3,8555.9,8258.1,8819.6,8613.8,8241.6,8155.1,8138.3,8605.1,7040.3,7886.7,6493.6,6522.8,6780.1,6526.6,8373.4,7042.8,7104.6,7048.1,7376.9,7668.0,7068.6,6651.2,10819.9,6411.6,4072.8,2738.2,1489.3,1545.6,1369.2,1896.5,7865.2,1105.3,1096.4,775.2,903.7,4838.4,1794.4,6257.4,8276.4,8281.2,7050.4,6849.6,6901.2,6900.3,8155.1,8560.2,7831.7,7459.5,8203.5,8438.8,6771.3,8111.5,8411.5,7751.6,6410.9,6841.3,6523.6,6330.8,6820.7,903.7,6512.0,1103.0,6660.1,0.0,6850.8,7375.4,6615.4,8427.2,9081.4,8664.0,10819.0,8253.4,7674.7,4835.3,9719.1,11098.9,3938.0,7838.2,6552.5,7619.0,7390.9,9118.8,8231.0,10446.9,10446.9,10241.0,7821.0,4648.9,9165.4,9415.8,11428.9,4264.6,12957.3
1008.7,650.9,980.8,662.7,320.8,483.1,3369.9,3369.9,3160.5,1024.6,810.7,778.0,770.7,877.0,2514.8,996.7,850.7,1045.4,961.5,1949.3,839.6,966.0,924.5,1244.0,1023.9,814.9,728.4,711.6,1015.2,792.0,460.1,601.2,603.1,736.8,483.3,797.8,794.4,856.3,799.8,1291.2,1325.4,820.2,607.8,4315.4,1211.0,2370.8,3031.9,5531.4,4180.7,4616.6,5113.6,438.6,4104.6,5138.5,4879.5,4456.1,1416.5,4429.6,816.1,1126.7,1131.5,303.2,1.2,652.9,593.8,728.4,970.3,833.8,1190.9,869.9,1148.9,464.8,684.9,749.4,836.8,1210.3,534.8,603.8,781.4,572.4,4456.1,592.2,4106.8,616.7,8023.0,0.0,1066.7,572.1,1160.5,1276.8,1088.4,4314.5,919.8,1332.2,1413.5,2803.4,4594.3,2797.9,985.1,509.2,425.8,816.0,1935.5,418.0,2839.2,2839.2,3661.7,627.7,592.9,2586.1,2061.0,4849.5,3448.4,6373.3
1378.7,1274.4,777.2,1032.7,1028.7,1215.5,3644.5,3644.5,3435.2,1648.1,751.9,2374.7,1140.7,587.1,4005.2,793.1,401.4,1415.4,1331.5,2319.3,1209.6,1336.0,1294.5,1614.0,1393.9,1184.9,1098.4,1081.6,1385.2,671.3,830.1,1224.7,1226.6,1360.3,1106.8,1167.8,673.8,407.0,266.9,320.3,611.3,699.6,1231.3,4178.9,1800.2,4149.3,5010.2,9817.2,6512.6,5086.0,5583.1,808.6,6436.5,9424.3,9103.0,9231.5,1786.5,6761.5,2165.3,1635.4,1640.1,1177.9,977.0,532.3,1326.2,1098.4,1340.3,775.0,402.8,1239.9,1518.9,1197.3,1054.8,1119.4,694.9,1799.5,1267.3,1227.3,2238.8,857.0,9231.5,1215.7,6438.7,1240.2,8327.9,978.2,0.0,1195.6,1530.5,1646.8,1458.3,4178.0,1289.8,618.1,1783.5,3078.1,4457.8,4196.2,781.5,1132.7,890.0,1479.7,1276.0,1347.1,3208.0,3208.0,3002.1,1091.9,1522.0,1926.5,2034.1,4189.9,3973.0,5718.4
1391.3,307.4,864.5,1045.3,238.2,425.0,4678.6,4678.6,4469.2,452.5,1193.3,719.9,1153.3,760.8,3356.9,880.5,734.4,1428.1,1344.2,2331.9,1222.3,1348.6,1307.2,1626.6,1406.6,1197.5,1111.1,1094.2,1397.8,675.7,842.7,257.7,259.6,164.7,162.1,1180.4,678.2,740.1,683.5,1033.1,1067.4,704.0,35.7,5212.9,867.4,3500.9,4361.8,9168.8,4563.3,4999.2,5496.3,821.2,4487.2,8775.9,8454.7,8583.2,1799.2,4812.2,472.6,1509.3,1514.1,685.9,485.0,536.7,535.7,1111.1,1353.0,1216.4,997.8,1252.5,1531.6,406.8,1067.5,1132.0,1219.5,866.8,476.8,260.3,437.9,456.2,8583.2,248.7,4489.5,295.5,7679.5,486.2,950.4,0.0,1543.2,1659.5,1471.0,5212.0,1302.4,1074.1,1796.1,4112.1,5491.8,3547.8,868.9,188.0,168.1,580.7,2152.9,780.1,3056.6,3056.6,4436.6,370.1,955.0,3361.0,1574.8,5624.4,3213.1,5887.1
1103.1,1474.1,977.0,848.8,1228.5,1415.3,3094.7,3094.7,2885.3,1847.8,621.9,1710.2,581.9,830.1,4926.3,992.9,1335.0,784.4,686.3,1688.3,934.0,705.0,236.0,968.7,762.9,909.3,822.8,806.0,754.2,1276.3,1029.8,1424.4,1426.3,1560.0,1306.5,522.5,1278.8,1340.7,1284.1,1102.4,1136.7,1304.6,1431.0,3691.1,2721.2,5070.3,5931.2,10738.2,7433.7,4455.1,4952.1,1008.3,7357.5,10345.3,10024.1,4925.6,1155.5,7682.5,1639.3,369.0,373.8,1377.6,1176.8,1137.3,1526.0,822.8,709.3,645.0,1002.1,290.7,11.6,1397.0,822.0,560.6,648.0,2720.5,1467.0,1427.1,1604.6,1056.8,4925.6,1415.4,7359.8,1440.0,9248.9,1178.0,1277.5,1395.3,0.0,1001.6,813.1,3690.2,240.8,1143.5,1152.5,2528.2,3970.1,5117.2,981.3,1332.4,1482.7,2531.5,2327.8,1041.4,2432.6,2432.6,2478.8,1684.7,1216.3,1403.2,3280.3,3666.7,5024.8,5195.1
1178.6,1549.6,1052.4,924.3,1304.0,1490.8,2327.4,2327.4,2118.0,1923.3,697.4,1785.7,657.4,905.6,5236.7,1068.4,1410.5,859.9,222.7,1763.8,1009.5,780.5,610.8,418.6,838.4,984.8,898.3,881.5,829.7,1351.8,1105.3,1499.9,1501.8,1635.5,1382.0,386.5,1354.3,1416.2,1359.6,1177.9,1212.2,1380.1,1506.5,4001.6,3031.7,5380.8,4181.9,11048.7,5330.6,4530.6,5027.6,1083.8,5175.3,10655.8,5424.4,5001.0,832.4,5579.5,1714.8,812.9,817.7,1453.1,1252.3,1212.8,1601.5,898.3,784.8,720.5,1077.6,556.2,835.2,1472.5,897.5,636.1,723.5,3031.0,1542.5,1502.5,1680.1,1132.3,5001.0,1490.9,5173.1,1515.4,9559.4,1253.5,1353.0,1470.8,846.8,0.0,194.8,4000.7,606.0,1218.9,835.5,1760.9,4280.6,5427.7,1056.8,1407.9,1599.0,3185.8,2982.0,1157.6,1653.5,1653.5,3133.0,1801.0,1332.6,2057.5,3934.5,4320.9,3758.8,5849.3
1082.7,1453.7,956.5,828.3,1208.1,1394.9,2380.5,2380.5,2171.1,1827.4,601.5,1689.8,561.5,809.7,5140.8,972.5,1314.6,764.0,126.8,1667.9,913.6,684.6,514.9,322.7,742.5,888.9,802.4,785.6,733.8,1255.9,1009.4,1404.0,1405.9,1539.6,1286.1,290.6,1258.4,1320.3,1263.7,1082.0,1116.3,1284.2,1410.6,3905.7,2935.8,5284.8,4085.9,10952.8,5234.7,4434.7,4931.7,987.9,5079.4,10559.9,5328.5,4905.1,885.5,5483.6,1618.9,717.0,721.8,1357.2,1156.4,1116.9,1505.6,802.4,688.9,624.6,981.7,460.2,739.3,1376.6,801.6,540.2,627.6,2935.1,1446.6,1406.6,1584.2,1036.4,4905.1,1395.0,5077.2,1419.5,9463.4,1157.6,1257.0,1374.9,750.9,287.4,0.0,3904.8,510.1,1123.0,888.6,1814.0,4184.6,5331.8,960.9,1312.0,1410.5,1744.9,2564.6,969.2,1780.6,1780.6,2715.6,1612.5,1144.1,1640.0,3173.7,3903.4,3570.3,5431.9
4274.5,5633.3,4729.6,4020.2,5692.8,5879.6,5092.6,5092.6,4479.7,6047.2,3793.3,5556.8,3753.4,4539.5,7187.3,4745.5,4783.8,3955.9,3857.7,4859.7,4105.4,3876.4,3578.7,4140.2,3934.4,4080.7,3994.2,3977.4,3925.6,4763.0,4782.4,5583.6,5612.9,5870.2,5616.7,3694.0,4765.5,4789.4,4732.8,4272.6,4563.6,4791.3,5741.2,0.9,4982.3,7331.4,8192.3,12999.3,9694.7,7626.5,8123.6,4760.9,9618.6,12606.4,12285.1,12413.6,4327.0,9943.6,5347.4,3597.0,3601.8,5130.2,4929.4,4889.9,5990.4,3994.2,3880.8,3816.4,4355.1,3524.0,3759.4,5861.4,3993.4,3732.0,3819.5,4981.6,5931.4,5613.6,5420.9,4809.4,12413.6,5602.0,9620.8,5750.1,11510.0,4930.6,4271.0,5705.5,3747.8,4402.0,3984.5,0.0,3573.9,4570.4,4323.9,4947.1,431.7,7378.3,4733.9,5642.6,5151.5,4923.4,4719.6,4195.3,4888.2,4888.2,1632.7,5353.5,4370.2,3342.9,5672.1,2680.6,7416.6,3228.3
862.3,1233.4,736.2,608.0,987.7,1174.5,2853.9,2853.9,2644.5,1607.0,381.1,1469.4,341.2,589.3,4792.4,752.1,1094.3,543.7,445.5,1447.5,693.2,464.2,4.7,728.0,522.2,668.5,582.0,565.2,513.4,1035.6,789.1,1183.7,1185.6,1319.3,1065.8,281.8,1038.0,1099.9,1043.4,861.6,895.9,1063.8,1190.3,3557.3,2587.4,4936.4,5797.3,10604.4,5014.4,4214.3,4711.4,767.6,4859.1,10211.5,9890.2,4684.8,914.8,5263.2,1398.6,368.6,373.4,1136.9,936.0,896.5,1285.2,582.0,468.5,404.2,761.3,49.9,229.2,1156.3,581.2,319.8,407.3,2586.7,1226.3,1186.3,1363.8,816.0,4684.8,1174.7,4856.8,1199.2,9115.0,937.2,1036.7,1154.6,240.8,760.8,572.3,3556.4,0.0,902.7,911.7,2287.4,3836.2,4983.4,740.5,1091.7,1242.0,1576.3,2154.0,800.6,2191.8,2191.8,2305.0,1444.0,975.6,1229.4,3106.5,3492.8,3401.8,5021.3
1069.2,964.9,467.7,723.2,719.3,906.1,3430.5,3430.5,3221.1,1338.6,871.2,1201.0,831.2,277.6,4411.6,483.7,213.3,1106.0,1022.1,2009.8,900.2,1026.5,985.0,1304.5,1084.5,875.4,789.0,772.1,1075.7,192.6,520.6,915.2,917.1,1050.8,797.3,858.3,195.0,219.0,162.4,549.9,584.2,220.9,921.8,4585.2,1525.0,2936.0,3597.2,10223.5,4745.9,4776.6,5273.6,499.1,4669.8,9830.6,9509.4,5021.4,1477.1,4994.8,1130.1,1187.2,1192.0,868.4,667.6,344.2,1016.8,789.0,1030.8,726.8,514.7,930.4,1209.5,887.8,745.4,809.9,646.6,1524.3,957.8,917.8,1095.4,547.6,5021.4,906.2,4672.0,930.7,8734.2,668.8,429.3,886.1,1221.1,1337.3,1148.9,4584.3,980.3,0.0,1474.0,2864.0,4864.1,4602.5,472.1,823.2,1013.7,1779.1,1575.4,1213.1,3507.3,3507.3,3301.5,1215.7,1388.0,2225.9,2333.5,4489.3,4272.3,6017.8
553.9,1743.4,1246.2,703.7,1497.7,1684.5,2854.6,2854.6,2645.2,2117.1,891.1,1979.4,851.2,1099.3,5430.5,1262.1,1604.3,583.6,841.5,737.4,532.8,560.0,804.5,735.0,618.2,508.1,677.8,660.9,609.2,1545.6,1299.1,1693.7,1695.6,1829.3,1575.8,677.8,1548.1,1609.9,1553.4,1371.6,1405.9,1573.9,1700.3,4195.4,3225.4,5574.5,3145.2,5419.8,4304.0,3504.2,4001.2,1277.6,4148.9,5026.9,4398.0,3974.6,3.1,4552.8,1908.6,1006.7,1011.5,1646.9,1446.1,1406.5,1795.3,677.8,564.3,914.3,1271.4,749.9,1028.9,1666.3,725.9,829.9,917.3,3224.7,1736.3,1696.3,1873.8,1326.0,3974.6,1684.7,4146.7,1709.2,4885.8,1447.2,1546.7,1664.6,1040.6,665.9,968.4,4194.5,799.8,1412.7,0.0,2288.1,4474.3,3797.4,1250.6,1601.7,1735.7,2070.0,2904.0,1294.3,2254.7,2254.7,3055.0,1937.6,1469.2,1979.4,3498.9,4242.8,3895.5,5771.2
2802.0,4608.0,2675.9,2547.7,2927.5,3114.3,697.6,697.6,817.3,3546.8,2320.9,4531.5,2280.9,2529.1,6162.0,2691.9,3034.0,2483.4,1846.2,3029.8,2633.0,2404.0,2234.2,2042.1,2461.9,2608.2,2521.8,2504.9,2453.2,2975.3,2728.8,4558.2,4587.5,3259.0,3005.5,2009.9,2977.8,3039.6,2983.1,3247.3,3538.3,3003.6,3130.0,4926.9,3956.9,6306.0,7166.9,11973.9,8669.4,5796.6,6293.6,2707.3,8593.3,11581.0,11259.8,11388.3,2289.4,8918.2,4322.1,2436.4,2441.2,3076.6,2875.8,2836.2,3225.0,2521.8,2408.3,2344.0,3329.8,2179.6,2458.7,3096.0,2521.0,2259.6,2347.0,3956.2,3166.0,4588.3,4395.5,2755.7,11388.3,4576.7,8595.5,3138.9,10484.6,2877.0,3245.7,3094.3,2470.3,1691.2,1818.3,4926.0,2229.5,3545.1,2292.4,0.0,5205.8,6352.9,2680.3,3031.4,4051.6,3823.5,3619.8,2684.3,546.8,546.8,3770.8,4253.6,2859.2,2695.2,4572.2,4958.6,6316.7,6487.0
4554.4,5913.2,5009.4,4300.0,5972.7,6159.5,5372.4,5372.4,4759.6,6327.1,4073.2,5836.7,4033.2,4819.3,7467.2,5025.3,5063.6,4235.7,4137.6,5139.6,4385.3,4156.3,3858.5,4420.0,4214.2,4360.5,4274.1,4257.3,4205.5,5042.8,5062.3,5863.4,5892.7,6150.0,5896.5,3973.8,5045.3,5069.2,5012.7,4552.5,4843.5,5071.1,6021.1,432.6,5262.1,7611.2,8472.1,13279.1,9974.6,7906.3,8403.4,5040.8,9898.5,12886.2,12565.0,12693.5,4606.8,10223.4,5627.3,3876.8,3881.6,5410.1,5209.3,5169.7,6270.2,4274.1,4160.6,4096.3,4635.0,3803.9,4039.2,6141.2,4273.3,4011.9,4099.3,5261.4,6211.2,5893.5,5700.7,5089.2,12693.5,5881.9,9900.7,6030.0,11789.8,5210.4,4550.9,5985.3,4027.6,4681.8,4264.4,431.7,3853.8,4850.3,4603.8,5227.0,0.0,7658.1,5013.7,5922.4,5431.3,5203.2,4999.5,4475.1,5168.1,5168.1,1912.5,5633.3,4650.1,3622.8,5952.0,2960.5,7696.5,3450.0
3327.4,3079.6,4370.3,2981.4,3139.2,3326.0,6822.0,6822.0,6612.6,3604.3,3129.3,3003.2,3089.4,4180.2,283.0,4386.2,3635.4,3364.1,3280.2,3150.0,3158.3,3284.7,3243.2,3562.6,3342.6,3133.6,3047.1,3030.3,3333.9,3576.7,2778.7,3029.9,3059.2,3316.5,3063.0,3116.5,3579.1,3641.0,3584.5,3913.3,4204.3,3604.9,3187.5,7356.3,2948.0,427.0,858.8,3712.0,2361.3,2978.5,4181.3,2757.2,2285.2,3319.1,3060.1,2636.7,3735.2,2610.1,2793.8,4812.8,4817.6,2621.9,3386.0,3437.6,3436.7,3047.1,3289.0,3152.4,3995.8,3188.6,4975.2,3307.7,3003.5,3068.0,3155.5,2947.3,3377.7,3060.0,2867.2,3357.1,2636.7,3048.3,2287.4,3196.5,4720.1,3387.2,3911.7,3151.8,4963.6,3595.5,3407.0,7355.4,3238.4,4211.1,3732.1,6255.5,7635.2,0.0,4374.6,3088.9,3487.4,3259.2,4987.1,2678.7,6315.2,6315.2,6109.3,3689.3,2262.9,5033.8,5284.2,7297.2,455.5,8825.6
1202.4,609.8,112.7,856.4,364.2,551.0,3563.6,3563.6,3354.2,983.5,1004.3,845.9,964.4,497.1,2725.0,128.6,470.7,1239.1,1155.2,2143.0,1033.3,1159.7,1118.2,1437.6,1217.6,1008.6,922.1,905.3,1208.9,412.0,653.7,560.1,562.0,695.7,442.2,991.5,414.5,476.4,419.8,769.4,803.7,440.3,566.7,4509.0,1169.9,2580.9,3242.1,5741.6,4390.8,4909.7,5406.8,632.2,4314.7,5348.6,8757.1,4666.3,1610.2,4639.7,775.0,1320.3,1325.1,513.3,312.5,273.0,661.7,922.1,1164.0,1027.4,734.1,1063.6,1342.6,532.7,878.5,943.0,866.1,1169.2,602.7,562.8,740.3,192.5,4666.3,551.1,4316.9,575.7,7981.9,313.7,686.7,531.0,1354.2,1470.5,1282.0,4508.1,1113.4,810.5,1607.1,2997.1,4788.0,3850.3,0.0,468.1,808.4,1198.7,1738.8,1050.9,2642.5,2642.5,3465.0,1010.4,1225.8,2389.4,2496.9,4652.8,4435.8,6181.2
1335.3,251.4,808.5,989.3,182.2,369.0,4622.5,4622.5,4413.2,625.0,1137.3,663.9,1097.3,704.7,3300.8,824.4,678.4,1372.0,1288.1,2275.9,1166.2,1292.6,1251.1,1570.6,1350.5,1141.5,1055.0,1038.2,1341.8,619.7,786.7,201.7,203.6,337.2,25.9,1124.4,622.2,684.0,627.5,977.0,1011.3,648.0,208.3,5156.8,811.4,3444.9,4305.8,9112.8,4507.3,4943.2,5440.2,765.2,4431.2,8719.9,8398.6,8527.1,1743.2,4756.2,416.6,1453.3,1458.1,629.8,429.0,480.6,479.7,1055.0,1296.9,1160.4,941.8,1196.5,1475.6,350.7,1011.5,1076.0,1163.4,810.7,420.7,204.3,381.8,400.1,8527.1,192.7,4433.4,107.5,7623.5,430.2,894.4,172.6,1487.2,1603.4,1415.0,5155.9,1246.4,1018.1,1740.1,4056.0,5435.8,3491.8,812.9,0.0,0.0,513.3,2085.5,712.7,2989.2,2989.2,4369.2,239.3,887.7,3293.6,1758.4,5557.1,3145.7,6070.6
1330.9,246.9,804.1,984.9,177.8,364.6,4618.1,4618.1,4408.7,620.6,1132.8,659.5,1092.9,700.3,3296.4,820.0,674.0,1367.6,1283.7,2271.5,1161.8,1288.2,1246.7,1566.2,1346.1,1137.1,1050.6,1033.8,1337.4,615.3,782.3,197.2,199.1,332.8,21.5,1120.0,617.7,679.6,623.1,972.6,1006.9,643.5,203.8,5152.4,807.0,3440.4,4301.3,9108.4,4502.9,4938.8,5435.8,760.8,4426.8,8715.5,8394.2,8522.7,1738.7,4751.8,412.1,1448.9,1453.7,625.4,424.6,476.2,475.3,1050.6,1292.5,1156.0,937.3,1192.1,1471.1,346.3,1007.0,1071.6,1159.0,806.3,416.3,199.9,377.4,395.7,8522.7,188.2,4429.0,149.3,7619.0,425.8,890.0,168.1,1482.7,1599.0,1410.5,5151.5,1242.0,1013.7,1735.7,4051.6,5431.3,3487.4,808.4,0.0,0.0,525.1,991.1,616.2,4064.0,4064.0,3900.5,231.2,857.2,2803.8,1743.0,2470.9,3539.0,6074.6
1665.2,508.5,1194.3,1319.2,568.0,754.8,4390.0,4390.0,4180.6,1033.1,1467.2,164.7,1427.2,1090.6,3068.3,1210.3,1064.2,1701.9,1618.1,2605.8,1496.1,1622.5,1581.0,1900.5,1680.4,1471.4,1384.9,1368.1,1671.7,1005.5,1116.6,458.8,488.1,745.4,491.9,1454.3,1008.0,1069.8,1013.3,1481.3,1772.3,1033.8,616.4,4924.3,578.8,3212.3,4073.2,8880.2,5575.7,6192.9,9287.4,1095.1,5499.6,8487.3,8166.1,8294.6,2073.1,5824.5,222.6,2380.8,2385.6,959.7,814.8,866.4,865.5,1384.9,1626.8,1490.3,1563.8,1526.4,2543.2,736.6,1341.4,1405.9,1855.9,578.2,806.5,488.8,296.0,785.9,8294.6,477.2,5501.8,625.3,7390.9,816.0,1479.7,580.7,2531.5,3185.8,1744.9,4923.4,1576.3,1779.1,2070.0,3823.5,5203.2,3259.2,1198.7,513.3,513.3,0.0,763.0,950.5,3835.8,3835.8,3672.3,707.2,1191.5,2575.6,2155.5,2242.7,3310.9,6487.2
2336.0,2231.7,1734.5,1990.0,1986.0,2172.8,4186.2,4186.2,3976.9,3412.3,1709.2,3165.6,2333.4,1544.4,4796.2,1750.4,1788.7,2535.9,2437.8,3439.8,2166.9,2456.5,2158.7,2720.2,2514.4,2142.2,2055.7,2038.9,2505.7,1767.9,1787.4,2182.0,2183.9,2317.6,2064.1,2274.0,1770.4,1794.3,1737.8,1277.6,1568.6,1796.2,2188.6,4720.6,2591.1,4940.2,5801.1,10608.1,7303.6,6206.6,6703.6,1765.9,7227.4,10215.2,9893.9,10022.5,2907.0,7552.4,2956.2,2177.0,2181.8,2135.2,1934.4,1894.8,2283.6,2055.7,2460.8,1732.3,1360.1,2104.1,2339.4,2154.6,2012.2,2312.1,1652.2,2590.4,2224.6,2184.6,3029.7,1814.3,10022.5,2173.0,7229.7,2197.5,9118.8,1935.5,1276.0,2152.9,2327.8,2982.0,2564.6,4719.6,2154.0,1575.4,2904.0,3619.8,4999.5,4987.1,1738.8,2085.5,2085.5,3000.9,0.0,2126.0,3632.1,3632.1,3468.6,2279.4,2366.9,2371.9,2808.1,2039.0,5038.8,6184.9
889.5,858.9,1046.5,543.5,528.8,691.0,3250.7,3250.7,3041.4,1232.6,691.5,985.9,651.5,899.7,2395.7,1062.5,1058.6,926.3,842.4,1830.1,720.5,846.8,805.3,1124.8,904.7,695.7,609.2,592.4,896.0,999.9,340.9,809.2,811.1,944.8,691.3,678.6,1002.4,1064.3,1007.7,1172.0,1206.3,1028.2,815.8,4196.2,1418.9,2251.6,2912.8,5412.3,4061.5,4497.4,4994.4,319.4,3985.4,5019.4,4760.3,4337.0,1297.4,4310.4,1024.1,1007.5,1012.3,184.0,419.2,860.9,801.8,609.2,851.1,714.6,1071.7,750.7,1029.8,672.8,565.7,630.2,717.6,1418.3,742.8,811.8,989.4,780.4,4337.0,800.2,3987.6,824.7,8231.0,418.0,1347.1,780.1,1041.4,1157.6,969.2,4195.3,800.6,1213.1,1294.3,2684.3,4475.1,2678.7,1050.9,712.7,712.7,1150.6,1603.1,0.0,2696.6,2696.6,2944.2,906.7,415.8,1847.6,2354.9,1514.7,2842.0,5660.5
2764.3,4570.2,2638.2,2510.0,2889.7,3076.5,1113.3,1113.3,598.4,3509.1,2283.1,4493.7,2243.2,2491.3,6124.3,2654.1,2996.3,2445.7,1808.5,2992.1,2595.3,2366.2,2196.5,2004.3,2424.2,2570.5,2484.0,2467.2,2415.4,2937.6,2691.1,4520.5,4549.8,3221.3,2967.8,1972.2,2940.1,3001.9,2945.4,3209.5,3500.6,2965.9,3092.3,4889.1,3919.2,6268.3,7129.2,11936.2,8631.7,5758.9,6255.9,2669.6,8555.5,11543.3,11222.1,11350.6,2251.6,8880.5,4284.4,2398.7,2403.5,3038.9,2838.1,2798.5,3187.3,2484.0,2370.6,2306.3,3292.1,2141.9,2420.9,3058.3,2483.2,2221.9,2309.3,3918.5,3128.3,4550.5,4357.8,2718.0,11350.6,4538.9,8557.8,3101.2,10446.9,2839.2,3208.0,3056.6,2432.6,1653.5,1780.6,4888.2,2191.8,3507.3,2254.7,546.8,5168.1,6315.2,2642.5,2989.2,2989.2,4329.1,4103.4,3029.7,0.0,0.0,3637.2,3183.1,3270.6,2540.5,4379.9,2207.6,6366.9,6353.5
2764.3,4570.2,2638.2,2510.0,2889.7,3076.5,1113.3,1113.3,598.4,3509.1,2283.1,4493.7,2243.2,2491.3,6124.3,2654.1,2996.3,2445.7,1808.5,2992.1,2595.3,2366.2,2196.5,2004.3,2424.2,2570.5,2484.0,2467.2,2415.4,2937.6,2691.1,4520.5,4549.8,3221.3,2967.8,1972.2,2940.1,3001.9,2945.4,3209.5,3500.6,2965.9,3092.3,4889.1,3919.2,6268.3,7129.2,11936.2,8631.7,5758.9,6255.9,2669.6,8555.5,11543.3,11222.1,11350.6,2251.6,8880.5,4284.4,2398.7,2403.5,3038.9,2838.1,2798.5,3187.3,2484.0,2370.6,2306.3,3292.1,2141.9,2420.9,3058.3,2483.2,2221.9,2309.3,3918.5,3128.3,4550.5,4357.8,2718.0,11350.6,4538.9,8557.8,3101.2,10446.9,2839.2,3208.0,3056.6,2432.6,1653.5,1780.6,4888.2,2191.8,3507.3,2254.7,546.8,5168.1,6315.2,2642.5,2989.2,2989.2,4329.1,4103.4,3029.7,0.0,0.0,3637.2,3183.1,3270.6,2540.5,4379.9,2207.6,6366.9,6353.5
3005.6,4364.4,3460.6,2751.3,4423.9,4610.7,4337.2,4337.2,4127.9,4778.3,2524.4,4287.9,2484.4,3270.5,5918.4,3476.6,3514.8,2686.9,2588.8,3590.8,2836.5,2607.5,2309.7,2871.2,2665.4,2811.8,2725.3,2708.5,2656.7,3494.1,3513.5,4314.7,4344.0,4601.3,4347.8,2425.1,3496.5,3520.5,3463.9,3003.7,3294.7,3522.3,4472.3,1633.6,3713.4,6062.4,6923.3,11730.4,8425.8,6357.6,6854.6,3492.0,8349.7,11337.4,11016.2,11144.7,3058.0,8674.7,4078.5,2328.1,2332.9,3861.3,3660.5,3621.0,4721.4,2725.3,2611.8,2547.5,3086.2,2255.1,2490.4,4592.5,2724.5,2463.1,2550.5,3712.7,4662.4,4344.7,4151.9,3540.5,11144.7,4333.1,8351.9,4481.2,10241.0,3661.7,3002.1,4436.6,2478.8,3133.0,2715.6,1632.7,2305.0,3301.5,3055.0,3770.8,1912.5,6109.3,3465.0,4369.2,4369.2,4123.2,3897.5,3852.1,3783.1,3783.1,0.0,4563.1,4093.1,2522.9,4174.1,2190.0,6161.0,2716.3
1532.9,448.9,1006.1,1186.9,379.7,566.5,4820.1,4820.1,4610.7,822.6,1334.8,861.4,1294.9,902.3,3498.4,1022.0,875.9,1569.6,1485.7,2473.5,1363.8,1490.2,1448.7,1768.2,1548.1,1339.1,1252.6,1235.8,1539.4,817.2,984.2,399.2,401.1,534.8,223.4,1322.0,819.7,881.6,825.0,1174.6,1208.9,845.5,405.8,5354.4,1009.0,3642.4,4503.3,9310.3,4704.9,5140.7,5637.8,962.7,4628.8,8917.4,8596.2,8724.7,1940.7,4953.7,614.1,1650.9,1655.7,827.4,626.6,678.2,677.3,1252.6,1494.5,1357.9,1139.3,1394.1,1673.1,548.3,1209.0,1273.5,1361.0,1008.3,618.3,401.8,579.4,597.7,8724.7,390.2,4631.0,144.7,7821.0,627.7,1091.9,370.1,1684.7,1801.0,1612.5,5353.5,1444.0,1215.7,1937.6,4253.6,5633.3,3689.3,1010.4,239.3,239.3,727.1,1193.1,818.2,4265.9,4265.9,4102.5,0.0,1059.1,3005.8,1944.9,2672.9,3741.0,6276.6
1064.5,1033.8,1221.5,718.5,703.7,866.0,3425.7,3425.7,3216.3,1407.5,866.4,1160.9,826.5,1074.6,1979.9,1237.4,1233.6,1101.2,1017.3,2005.1,895.4,1021.8,980.3,1299.8,1079.7,870.7,784.2,767.4,1071.0,1174.9,515.9,984.1,986.0,1119.7,866.2,853.6,1177.3,1239.2,1182.7,1346.9,1381.2,1203.2,990.8,4371.1,1593.9,1835.8,2497.0,4996.5,3645.7,4081.6,4578.6,494.4,3569.6,4603.6,4344.5,3921.2,1472.3,3894.6,1199.1,1182.5,1187.3,359.0,594.1,1035.8,976.7,784.2,1026.1,889.6,1246.7,925.7,1204.7,847.7,740.6,805.2,892.6,1593.2,917.7,986.8,1164.3,955.3,3921.2,975.1,3571.8,999.7,4648.9,592.9,1522.0,955.0,1216.3,1332.6,1144.1,4370.2,975.6,1388.0,1469.2,2859.2,4650.1,2262.9,1225.8,887.7,887.7,1325.6,1778.1,626.8,2871.5,2871.5,3119.2,1081.6,0.0,2022.5,2529.9,1689.6,2426.2,5835.5
1930.0,3288.8,2385.0,1675.7,3348.3,3535.1,3261.7,3261.7,3052.3,3702.7,1448.8,3212.3,1408.8,2194.9,4842.8,2401.0,2439.2,1611.3,1513.2,2515.2,1760.9,1531.9,1234.1,1795.6,1589.8,1736.2,1649.7,1632.9,1581.1,2418.5,2437.9,3239.1,3268.4,3525.7,3272.2,1349.5,2420.9,2444.9,2388.3,1928.1,2219.1,2446.8,3396.7,3343.8,2637.8,4986.8,5847.7,10654.8,7350.2,5282.0,5779.0,2416.4,7274.1,10261.9,9940.6,10069.1,1982.5,7599.1,3002.9,1252.5,1257.3,2785.7,2584.9,2545.4,3645.8,1649.7,1536.2,1471.9,2010.6,1179.5,1414.9,3516.9,1648.9,1387.5,1475.0,2637.1,3586.9,3269.1,3076.4,2464.9,10069.1,3257.5,7276.3,3405.6,9165.4,2586.1,1926.5,3361.0,1403.2,2057.5,1640.0,3342.9,1229.4,2225.9,1979.4,2695.2,3622.8,5033.8,2389.4,3293.6,3293.6,3047.6,2821.9,2776.5,2707.5,2707.5,2091.9,3487.5,3017.5,0.0,3098.5,662.3,5085.4,4808.2
3094.1,1882.2,2492.6,2748.1,1813.1,1999.8,5138.7,5138.7,4929.4,1122.3,2467.3,2294.7,2856.1,2302.5,5093.2,2508.5,2546.8,3130.8,3046.9,4034.7,2925.0,3051.4,3111.2,3329.4,3109.3,2900.3,2813.8,2797.0,3100.6,2526.0,2545.5,1832.5,1834.4,1451.9,1736.9,2883.2,2528.5,2552.4,2495.9,2035.7,2326.7,2554.3,1539.1,5673.0,2888.2,5237.2,6098.1,10905.2,7600.6,6801.5,7298.5,2524.0,7524.5,10512.3,10191.0,10319.5,3501.9,7849.5,2047.4,3129.5,3134.3,2260.7,2059.9,2111.5,2110.6,2813.8,3055.7,2490.4,2118.2,3056.6,3291.9,1981.6,2770.2,2834.8,2410.3,2887.5,2051.6,1835.1,2012.7,2031.0,10319.5,1823.5,7526.7,1870.3,9415.8,2061.0,2034.1,1574.8,3280.3,3934.5,3173.7,5672.1,3106.5,2333.5,3498.9,4572.2,5952.0,5284.2,2496.9,1758.4,1758.4,2160.4,3072.3,2251.5,4584.6,4584.6,4421.1,1952.3,2492.4,3324.4,0.0,2991.5,5335.8,4399.1
4193.4,5552.2,4648.5,3939.1,5611.7,5798.5,5525.1,5525.1,4725.0,5966.1,3712.2,5475.7,3672.3,4458.3,7106.2,4664.4,4702.7,3874.8,3776.6,4778.6,4024.3,3795.3,3497.6,4059.1,3853.3,3999.6,3913.1,3896.3,3844.5,4681.9,4701.3,5502.5,5531.8,5789.1,5535.6,3612.9,4684.4,4708.3,4651.7,4191.5,4482.5,4710.2,5660.1,2681.5,4901.2,7250.3,8111.2,12918.2,9613.6,7545.4,8042.5,4679.8,9537.5,12525.3,12204.0,12332.5,4245.9,9862.5,5266.3,3515.9,3520.7,5049.1,4848.3,4808.8,5909.3,3913.1,3799.6,3735.3,4274.0,3442.9,3678.3,5780.3,3912.3,3650.9,3738.4,4900.5,5850.3,5532.5,5339.8,4728.3,12332.5,5520.9,9539.7,5669.0,11428.9,4849.5,4189.9,5624.4,3666.7,4320.9,3903.4,2680.6,3492.8,4489.3,4242.8,4958.6,2960.5,7297.2,4652.8,5557.1,5557.1,5311.0,5085.3,5039.9,4970.9,4970.9,1429.6,5751.0,5280.9,3710.8,5361.9,0.0,7348.9,4145.9
3490.7,3140.9,4431.5,3144.7,3200.4,3387.2,6883.2,6883.2,6673.9,3665.5,3292.7,3064.4,3252.7,4241.4,446.3,4447.4,3696.6,3527.4,3443.5,3560.7,3321.6,3448.0,3406.5,3726.0,3505.9,3296.9,3210.4,3193.6,3497.2,3637.9,2942.1,3091.2,3120.5,3377.7,3124.2,3279.8,3640.4,3702.2,3645.7,3974.5,4265.6,3666.2,3248.8,7417.5,3009.2,590.4,1269.5,4122.7,2772.0,3389.3,6161.0,2920.6,2695.9,3729.8,5039.7,3047.5,3898.5,3020.9,2855.0,4874.0,4878.8,2785.2,3447.2,3498.8,3497.9,3210.4,3452.3,3315.8,4057.1,3351.9,5036.4,3368.9,3166.8,3231.4,3318.8,3008.5,3438.9,3121.2,2928.4,3418.3,3047.5,3109.6,2698.1,3257.7,4264.6,3448.4,3973.0,3213.1,5024.8,3758.8,3570.3,7416.6,3401.8,4272.3,3895.5,6316.7,7696.5,455.5,4435.8,3145.7,3145.7,2899.7,2693.7,3053.1,6329.1,6329.1,6165.6,3339.6,2426.2,5068.9,5505.1,4736.0,0.0,8881.9
5721.8,6194.5,6176.9,5467.5,6125.3,6312.1,7053.5,7053.5,6844.1,5434.6,5240.7,7004.2,5200.7,5986.8,8634.7,6192.8,6231.1,5403.2,5305.1,6307.1,5552.8,5323.8,5026.0,5587.5,5381.7,5528.0,5441.6,5424.7,5373.0,6210.3,6229.8,6144.8,6146.7,5764.2,6049.1,5141.3,6212.8,6236.7,6180.2,5720.0,6011.0,6238.6,5851.4,3229.2,6429.6,8778.7,9639.6,14446.6,11142.1,9073.8,9570.9,6208.3,11066.0,14053.7,13732.5,13861.0,5774.3,11390.9,6794.8,5044.3,5049.1,6572.9,6372.1,6337.2,6422.8,5441.6,5328.1,5263.8,5802.5,4971.4,5206.7,6293.8,5440.8,5179.4,5266.8,6428.9,6363.8,6147.4,6868.2,6256.7,13861.0,6135.8,11068.2,6182.6,12957.3,6373.3,5718.4,5887.1,5195.1,5849.3,5431.9,3228.3,5021.3,6017.8,5771.2,6487.0,3450.0,8825.6,6181.2,6070.6,6070.6,6839.5,6613.8,6563.7,6499.4,6499.4,2716.3,6264.5,6804.7,5239.2,4379.7,4906.3,8877.3,0.0
