0.0,477.2,663.8,528.9,1287.9,574.5,852.5,975.1,1125.6,721.8,931.0,997.9,780.4,640.3,1048.7,615.3,470.0,486.3,580.9,849.6,1032.4,1273.4,1221.3,1175.3,818.0,1105.3,1097.9,254.3,985.1,1036.4,143.2,60.2,601.0,680.6,1363.9,1085.3,855.0,255.6,587.3,311.0,818.1,821.4,746.1,837.3,38.3,694.8,678.6,709.9,643.3,532.9,1399.6,469.7,905.2,531.9,745.4,651.9,998.8,955.3,807.3,1062.7,1191.6,945.8,332.7,548.1,1049.9,1317.2,1916.5,1098.6,142.6,399.8,1217.5,571.3,686.3,2341.1,3225.4,447.4,3225.6,739.5
2285.9,0.0,758.9,584.0,1572.1,669.6,408.4,1259.3,1409.8,277.7,705.9,553.9,884.0,743.9,1152.4,718.9,573.7,589.9,684.6,405.6,1316.6,1759.0,1706.9,1660.9,1303.6,1590.9,1583.5,739.9,1470.7,1522.0,628.8,2346.1,885.2,964.8,1648.1,1570.9,1139.2,741.2,690.9,796.7,921.7,925.0,849.7,247.9,2324.2,1180.4,234.5,265.9,418.2,374.2,1885.2,480.6,461.1,373.3,849.0,207.9,554.8,511.2,910.9,1211.5,1475.8,1431.4,541.4,651.8,1535.5,1802.8,2402.1,1584.2,628.2,608.5,1703.1,1056.9,461.2,2625.3,3509.6,933.0,3509.8,843.1
2295.1,284.7,0.0,593.2,1581.3,678.8,296.9,1268.6,1419.0,166.2,760.1,466.1,941.5,801.5,1209.9,776.4,631.2,647.5,742.1,294.0,1325.8,1768.3,1716.2,1670.2,1312.9,1600.1,1592.7,749.2,1479.9,1531.3,638.0,2355.3,894.5,974.0,1657.4,1580.2,1148.4,750.4,748.5,805.9,979.3,982.6,907.3,305.5,2333.4,1189.7,146.8,178.1,472.4,431.8,1894.5,538.1,373.4,430.8,906.6,120.1,467.0,423.5,968.5,1241.4,1485.1,1440.7,550.6,709.3,1544.8,1812.0,2411.4,1593.5,637.4,617.7,1712.4,1066.2,515.4,2634.5,3518.9,942.2,3519.1,900.7
1947.5,233.9,420.5,0.0,1233.7,331.2,492.0,920.9,1071.4,361.3,687.7,637.5,927.5,787.5,1195.9,762.4,617.2,633.5,728.1,489.2,978.2,1420.6,1368.5,1322.5,965.2,1252.5,1245.1,401.5,1132.3,1183.6,290.4,2007.7,546.8,626.4,1309.7,1232.5,800.8,402.8,734.5,458.2,965.3,968.6,893.3,476.8,1985.8,842.0,318.2,349.5,400.0,359.4,1546.8,465.7,544.7,358.4,892.6,291.5,638.4,594.8,954.5,1193.3,1137.4,1093.0,203.0,695.3,1197.1,1464.4,2063.7,1245.8,289.8,270.1,1364.7,718.5,443.0,2286.8,3171.2,594.6,3171.4,886.7
2277.0,563.4,464.4,329.5,0.0,375.1,761.3,282.5,162.3,630.6,1017.2,967.0,1257.0,1117.0,1525.4,1092.0,946.7,963.0,1057.6,758.4,1307.7,1750.1,1698.0,1652.0,1294.7,1582.0,1574.6,731.0,1461.8,1513.1,619.9,2337.2,876.3,955.9,1639.2,1562.0,1130.3,732.3,1064.0,787.7,1294.8,1298.1,1222.8,806.3,2315.3,1171.5,647.7,679.0,729.5,688.9,1876.3,795.2,874.2,687.9,1222.1,621.0,967.9,924.3,1284.0,1522.8,1466.9,1422.5,532.5,1024.8,1526.6,1793.9,2393.2,1575.3,619.3,200.4,1694.2,1048.0,772.5,2616.3,3500.7,924.1,3500.9,1216.2
2485.5,475.0,190.3,783.6,1771.7,0.0,487.2,1458.9,1609.4,356.5,950.4,656.5,1131.9,991.8,1400.3,966.8,821.6,837.9,932.5,484.4,1516.2,1958.7,1906.5,1860.5,1503.2,1790.5,1783.1,939.6,1670.3,1721.6,828.4,2545.7,1084.8,1164.4,1847.7,1770.5,1338.8,940.8,938.8,996.3,1169.6,1172.9,1097.6,495.8,2523.8,1380.0,337.1,368.5,662.7,622.1,2084.8,728.5,563.7,621.2,1097.0,310.5,657.4,613.8,1158.8,1431.7,1675.4,1631.0,741.0,899.7,1735.1,2002.4,2601.7,1783.8,827.8,808.1,1902.7,1256.5,705.7,2824.9,3709.2,1132.6,3709.4,1091.1
2416.9,406.4,889.9,715.0,1703.1,800.5,0.0,1390.3,1540.8,130.7,881.8,587.8,1063.3,923.2,1331.7,898.2,752.9,769.2,863.8,2.8,1447.5,1890.0,1837.9,1791.9,1434.6,1721.8,1714.5,870.9,1601.7,1653.0,759.7,2477.0,1016.2,1095.7,1779.1,1701.9,1270.1,872.1,870.2,927.6,1101.0,1104.3,1029.0,427.2,2455.1,1311.4,268.5,299.8,594.1,553.5,2016.2,659.9,495.1,552.5,1028.3,241.8,588.8,545.2,1090.2,1363.1,1606.8,1562.4,672.3,831.0,1666.5,1933.7,2533.1,1715.2,759.1,739.5,1834.1,1187.9,637.1,2756.2,3640.6,1064.0,3640.8,1022.4
2504.3,711.0,612.0,477.1,312.8,522.7,908.9,0.0,150.5,778.2,1164.8,1114.6,1537.6,1397.5,1806.0,1372.5,1227.3,1243.6,1338.2,906.0,1035.5,2157.0,2104.9,2058.9,1575.3,1988.8,1981.4,1011.6,1868.6,1920.0,900.4,2564.5,604.2,683.7,1367.1,1789.3,858.1,1012.8,1344.5,1068.3,1575.3,1578.6,1503.3,954.0,2542.6,1452.1,795.3,826.6,877.1,836.5,2103.6,942.8,1021.9,835.5,1502.7,768.6,1115.5,1072.0,1564.5,1670.4,1194.8,1829.4,813.0,1305.4,1753.9,2021.2,2620.5,1982.1,899.8,348.1,1921.5,1328.6,920.1,2344.2,3228.6,1204.6,3228.8,1496.8
2274.1,560.5,461.5,326.7,162.3,372.2,758.4,120.2,0.0,627.7,1014.3,964.1,1254.2,1114.2,1522.6,1089.1,943.9,960.2,1054.8,755.6,1155.7,1747.3,1695.2,1649.2,1291.9,1579.1,1571.7,728.2,1458.9,1510.3,617.0,2334.3,724.4,803.9,1487.3,1559.2,978.3,729.4,1061.1,784.9,1292.0,1295.2,1219.9,803.5,2312.4,1168.7,644.8,676.2,726.6,686.0,1873.5,792.4,871.4,685.0,1219.3,618.2,965.1,921.5,1281.1,1519.9,1315.0,1419.7,529.6,1022.0,1523.8,1791.0,2390.4,1572.5,616.4,197.6,1691.4,1045.2,769.6,2464.4,3348.8,921.2,3349.0,1213.4
2286.2,275.7,759.2,584.3,1572.4,669.8,130.7,1259.6,1410.1,0.0,751.1,457.1,932.6,792.5,1201.0,767.5,622.2,638.5,733.1,127.8,1316.8,1759.3,1707.2,1661.2,1303.9,1591.2,1583.8,740.2,1471.0,1522.3,629.1,2346.3,885.5,965.0,1648.4,1571.2,1139.4,741.4,739.5,796.9,970.3,973.6,898.3,296.5,2324.5,1180.7,137.8,169.2,463.4,422.8,1885.5,529.2,364.4,421.8,897.6,111.2,458.1,414.5,959.5,1232.4,1476.1,1431.7,541.6,700.4,1535.8,1803.0,2402.4,1584.5,628.5,608.8,1703.4,1057.2,506.4,2625.5,3509.9,933.3,3510.1,891.7
2573.1,1061.6,1545.1,1370.2,2358.3,1455.7,1194.6,2045.5,2196.0,1063.9,0.0,529.9,445.4,590.3,771.1,999.6,854.4,744.3,649.7,1191.7,2102.7,2046.2,1994.1,1948.1,1590.8,1878.1,1870.7,1526.1,1757.9,1809.2,1415.0,2633.2,1671.4,1750.9,2434.3,1858.1,1925.3,1527.3,971.6,1582.8,1202.4,1205.7,1130.4,1082.4,2611.4,1524.8,923.7,955.1,1249.3,1208.7,2172.4,1315.1,622.7,1207.7,1129.8,875.9,529.0,572.6,624.6,505.6,2262.0,1718.6,1327.5,932.5,1822.7,2090.0,2689.3,1871.4,1414.3,1394.7,1990.3,1592.4,1292.3,3411.4,4295.8,1719.2,4296.0,1008.4
2542.1,531.6,1015.1,840.2,1828.3,925.8,664.6,1515.5,1666.0,533.9,1007.1,0.0,715.1,1048.5,1040.8,1023.4,878.2,894.5,989.1,661.8,1572.8,2015.3,1963.2,1917.2,1559.8,1847.1,1839.7,996.2,1726.9,1778.3,885.0,2602.3,1141.5,1221.0,1904.3,1827.2,1395.4,997.4,995.4,1052.9,1226.3,1229.5,1154.2,552.4,2580.4,1436.7,393.8,425.1,719.4,678.8,2141.4,785.1,92.7,677.8,1153.6,346.0,0.9,42.7,894.2,775.3,1732.0,1687.7,797.6,956.3,1791.7,2059.0,2658.4,1840.4,884.4,864.7,1959.3,1313.2,762.4,2881.5,3765.8,1189.2,3766.1,1147.7
2127.6,1118.2,1601.7,1426.8,2414.9,1512.4,1251.2,2102.1,2252.6,1120.5,1414.7,586.6,0.0,144.9,420.7,554.2,408.9,298.8,204.2,1248.4,1886.0,1600.8,1548.7,1502.7,1145.4,1432.6,1425.3,919.3,1312.5,1363.8,1153.5,2187.8,1728.1,1807.6,2200.1,1412.7,1982.0,918.1,526.2,1027.3,757.0,760.3,685.0,1139.0,2165.9,1079.4,980.4,1011.7,1127.0,988.8,1727.0,925.7,679.3,987.9,684.3,932.6,585.7,629.3,179.2,60.2,1762.4,1273.2,1384.2,487.1,1377.3,1644.5,2243.9,1426.0,1152.9,1451.3,1544.9,1146.9,1170.0,2911.8,3796.2,1125.2,3796.4,563.0
1982.8,1258.3,1529.2,1566.9,2153.3,1439.9,1391.3,1840.5,1991.0,1260.6,1269.8,726.6,140.0,0.0,408.4,409.3,264.1,154.0,59.4,1388.4,1741.2,1456.0,1403.8,1357.8,1000.5,1287.8,1280.4,774.4,1167.6,1219.0,1008.6,2043.0,1466.5,1546.0,2055.3,1267.9,1545.3,773.2,381.3,882.4,612.2,615.4,540.1,1020.4,2021.1,934.6,1120.4,1151.8,982.1,844.0,1582.1,780.8,819.4,843.0,539.5,1072.6,725.7,769.3,167.0,422.4,1617.5,1128.3,1198.1,342.2,1232.4,1499.7,2099.0,1281.1,1008.0,1265.2,1400.0,1002.1,1025.1,2767.0,3651.3,980.4,3651.6,418.1
2077.4,1307.9,1791.4,1616.5,2247.9,1702.1,1440.9,1935.1,2085.6,1310.2,1364.4,776.3,189.7,94.6,0.0,503.9,358.7,248.6,153.9,1438.1,1835.8,1550.5,1498.4,1452.4,1095.1,1382.4,1375.0,869.0,1262.2,1313.5,1103.2,2137.5,1561.0,1640.6,2149.8,1362.4,1639.9,867.8,475.9,977.0,706.7,710.0,634.7,1114.9,2115.7,1029.1,1170.0,1201.4,1076.7,938.6,1676.7,875.4,869.0,937.6,634.1,1122.3,775.4,818.9,216.6,472.0,1712.1,1222.9,1292.7,436.8,1327.0,1594.3,2193.6,1375.7,1102.6,1359.8,1494.6,1096.7,1119.7,2861.5,3745.9,1075.0,3746.1,512.7
2289.0,1049.8,1446.6,1311.8,2070.7,1357.3,1231.1,1757.9,1908.4,1100.4,1187.2,1197.7,611.1,471.1,834.9,0.0,476.1,373.3,411.7,1228.2,2047.4,1762.2,1710.1,1664.1,1306.8,1594.0,1586.6,691.8,1473.8,1525.2,926.0,2349.2,1383.9,1463.4,2361.5,1574.1,1637.8,690.6,369.8,799.8,600.6,834.8,528.6,937.8,2327.3,1183.6,1057.2,1088.6,899.5,761.4,1888.4,698.2,1283.8,760.4,528.0,1030.6,1196.8,1333.9,638.0,893.4,1923.8,1434.6,1115.5,398.0,1538.6,1805.9,2405.3,1587.4,925.4,1182.6,1706.2,1060.1,942.5,3293.7,4178.1,936.1,4178.3,335.5
1812.9,573.7,970.5,835.6,1594.6,881.2,754.9,1281.8,1432.3,624.2,711.1,900.4,404.1,264.1,768.9,145.2,0.0,110.1,204.7,752.1,1571.3,1286.0,1233.9,1187.9,830.6,1117.9,1110.5,215.7,997.7,1049.0,449.9,1873.1,907.7,987.3,1885.3,1097.9,1161.7,214.5,117.2,323.6,348.1,429.9,276.1,461.6,1851.2,707.4,581.1,612.4,423.4,285.2,1412.2,222.1,807.7,284.3,275.4,554.4,901.3,857.7,431.1,686.5,1447.6,958.4,639.4,78.1,1062.5,1329.8,1929.1,1111.2,449.2,706.5,1230.1,583.9,466.4,2597.1,3481.4,460.0,3481.6,269.5
1828.8,1093.9,1490.7,1355.8,2114.8,1401.4,1275.2,1802.0,1952.5,1144.5,1231.3,880.6,294.0,154.0,562.4,255.3,110.1,0.0,94.6,1272.3,1587.2,1302.0,1249.8,1203.8,846.5,1133.8,1126.4,735.9,1013.6,1065.0,970.1,1889.0,1427.9,1417.8,1901.3,1113.9,1391.3,734.7,227.3,843.9,458.2,461.5,386.1,981.9,1867.1,780.6,1101.3,1132.7,943.6,805.5,1428.1,742.3,973.4,804.5,385.5,1226.6,879.7,923.3,321.0,576.4,1463.5,974.4,1159.6,188.2,1078.4,1345.7,1945.1,1127.1,969.5,1226.7,1246.0,848.1,986.6,2613.0,3497.3,826.4,3497.6,379.6
1923.4,1317.7,1486.7,1351.8,2110.7,1397.3,1450.7,1798.0,1948.4,1320.0,1227.3,786.0,199.4,59.4,467.8,349.9,204.7,94.6,0.0,1447.8,1681.8,1396.6,1344.5,1298.5,941.2,1228.4,1221.0,731.9,1108.2,1159.6,966.0,1983.6,1423.9,1503.4,1995.9,1208.5,1485.9,730.6,321.9,839.8,552.8,556.1,480.8,977.8,1961.7,875.2,1179.8,1211.1,939.6,801.4,1522.8,738.2,878.8,800.4,480.1,1132.0,785.1,828.7,226.3,481.8,1558.2,1069.0,1155.5,282.8,1173.0,1440.3,2039.7,1221.8,965.4,1222.7,1340.6,942.7,982.6,2707.6,3591.9,921.0,3592.2,375.5
2414.0,403.5,887.0,712.1,1700.2,797.7,2.8,1387.4,1537.9,127.8,879.0,585.0,1060.4,920.4,1328.8,895.3,750.1,766.4,861.0,0.0,1444.7,1887.2,1835.1,1789.1,1431.7,1719.0,1711.6,868.1,1598.8,1650.2,756.9,2474.2,1013.4,1092.9,1776.2,1699.1,1267.3,869.3,867.3,924.8,1098.2,1101.4,1026.1,424.3,2452.3,1308.6,265.7,297.0,591.3,550.7,2013.3,657.0,492.2,549.7,1025.5,239.0,585.9,542.3,1087.3,1360.2,1603.9,1559.6,669.5,828.2,1663.6,1930.9,2530.3,1712.3,756.3,736.6,1831.2,1185.1,634.3,2753.4,3637.7,1061.1,3638.0,1019.6
1468.7,1063.8,1250.4,1115.6,1327.1,1161.1,1439.1,1014.4,1164.8,1308.4,1517.6,1584.6,1881.6,1741.5,2150.0,1716.5,1571.3,1587.6,1682.2,1436.3,0.0,1121.4,1069.3,1023.3,922.2,953.3,945.9,1355.6,833.1,884.4,1006.7,1528.9,431.3,351.8,331.5,753.8,177.4,1356.8,1688.5,1247.6,1696.5,1456.1,1847.3,1423.9,1507.0,1065.5,1265.2,1296.6,1229.9,1189.3,1068.1,1571.0,1491.8,1188.3,1846.7,1238.6,1585.5,1541.9,1908.5,2023.3,159.3,793.8,919.3,1649.4,718.4,985.6,1585.0,946.6,1006.1,986.5,886.0,1133.0,1272.9,1308.7,2193.0,1111.3,2193.3,1840.8
1296.4,1057.1,1243.8,1108.9,1867.9,1154.4,1375.9,1555.1,1705.5,1245.2,1332.0,1521.4,1153.6,1013.6,1422.0,988.5,843.3,859.6,954.2,1373.1,1054.8,0.0,717.5,671.5,314.2,601.4,594.0,627.6,481.2,532.6,723.1,1356.6,964.9,885.4,1368.9,581.5,858.9,628.8,960.5,519.7,968.5,728.1,1119.4,1082.6,1334.7,69.3,1202.0,1233.4,1044.3,906.2,895.8,843.0,1428.6,905.2,1118.7,1175.4,1522.3,1478.7,1180.6,1436.0,931.2,442.0,912.6,921.4,546.0,813.3,1412.7,594.8,722.5,979.8,713.6,405.0,1087.3,2080.6,2965.0,383.3,2965.2,1112.8
1348.5,1109.3,1295.9,1161.0,1920.0,1206.6,1428.0,1607.2,1757.7,1297.3,1384.2,1573.5,1205.7,1065.7,1474.1,1040.6,895.4,911.7,1006.3,1425.2,1106.9,52.1,0.0,723.6,366.3,653.5,646.1,679.7,533.3,584.7,775.2,1408.7,1017.1,937.5,1421.0,633.6,911.1,681.0,1012.7,571.8,1020.6,780.2,1171.5,1134.7,1386.8,121.4,1254.2,1285.5,1096.5,958.3,947.9,895.1,1480.7,957.3,1170.8,1227.5,1574.4,1530.8,1232.7,1488.1,983.3,494.1,964.8,973.5,598.2,865.4,1464.8,646.9,774.6,1031.9,765.8,457.1,1139.5,2132.7,3017.1,435.4,3017.3,1164.9
1394.5,1155.3,1341.9,1207.0,1966.0,1252.6,1474.0,1653.2,1803.7,1343.3,1430.2,1619.5,1251.7,1111.7,1520.1,1086.7,941.4,957.7,1052.3,1471.2,1152.9,98.1,46.0,0.0,412.3,699.5,692.1,725.7,579.3,630.7,821.2,1454.7,1063.1,983.5,1467.0,679.6,957.1,727.0,1058.7,617.8,1066.6,826.2,1217.5,1180.7,1432.8,167.4,1300.2,1331.5,1142.5,1004.3,993.9,941.1,1526.7,1003.3,1216.8,1273.5,1620.4,1576.8,1278.7,1534.1,1029.3,540.1,1010.8,1019.5,644.2,911.4,1510.8,692.9,820.6,1077.9,811.8,503.1,1185.5,2178.7,3063.1,481.4,3063.3,1210.9
1409.9,1170.6,1357.2,1222.3,1981.3,1267.9,1489.3,1668.5,1819.0,1358.6,1445.5,1634.8,1267.1,1127.0,1535.5,1102.0,956.7,973.0,1067.6,1486.5,1168.3,883.0,830.9,784.9,0.0,714.9,707.5,741.1,594.7,646.0,836.6,1470.0,1078.4,998.8,1482.3,694.9,972.4,742.3,1074.0,633.1,1081.9,841.5,1232.8,1196.0,1448.1,182.7,1315.5,1346.8,1157.8,1019.6,1009.2,956.5,1542.0,1018.7,1232.1,1288.8,1635.7,1592.1,1294.0,1549.4,1044.6,555.4,1026.1,1034.9,659.5,926.7,1526.1,708.2,836.0,1093.2,827.1,518.5,1200.8,2194.0,3078.4,496.8,3078.6,1226.2
1396.9,1157.6,1344.2,1209.3,1968.3,1254.9,1476.4,1655.5,1806.0,1345.7,1432.5,1621.8,1254.1,1114.0,1522.5,1089.0,943.8,960.0,1054.7,1473.5,1155.3,870.0,817.9,771.9,414.6,0.0,694.5,728.1,581.7,633.0,823.6,1457.1,1065.4,985.9,1469.3,681.9,959.4,729.3,1061.0,620.1,1068.9,828.6,1219.8,1183.0,1435.2,169.7,1302.5,1333.8,1144.8,1006.6,996.2,943.5,1529.1,1005.7,1219.2,1275.8,1622.7,1579.2,1281.0,1536.4,1031.6,542.4,1013.1,1021.9,646.5,913.8,1513.1,695.2,823.0,1080.2,814.1,505.5,1187.8,2181.1,3065.4,483.8,3065.6,1213.2
1472.0,1232.7,1419.3,1284.4,2043.4,1330.0,1551.5,1730.6,1881.1,1420.8,1507.6,1696.9,1329.2,1189.1,1597.6,1164.1,1018.9,1035.2,1129.8,1548.6,1230.4,175.6,123.4,77.4,489.7,777.0,0.0,803.2,656.8,708.1,898.7,1532.2,1140.5,1061.0,1544.4,757.0,1034.5,804.4,1136.1,695.2,1144.0,903.7,1294.9,1258.1,1510.3,244.8,1377.6,1408.9,1219.9,1081.8,1071.3,1018.6,1604.2,1080.8,1294.3,1350.9,1697.8,1654.3,1356.1,1611.5,1106.7,617.5,1088.2,1097.0,721.6,988.9,1588.2,0.7,898.1,1155.3,889.2,580.6,1262.9,2256.2,3140.5,558.9,3140.7,1288.4
1597.2,567.0,754.8,619.9,1378.9,665.5,748.3,1066.1,1216.6,617.6,704.4,893.7,526.0,386.0,794.4,360.9,215.7,232.0,326.6,745.4,1355.6,1070.4,1018.2,972.2,614.9,902.2,894.8,0.0,782.0,833.4,234.2,1657.4,692.0,771.6,1669.7,882.3,946.0,1.2,332.9,108.0,563.8,567.0,491.7,455.0,1635.5,491.8,574.4,605.8,416.7,278.6,1196.5,215.4,801.0,277.6,491.1,547.8,894.7,851.1,552.9,808.3,1231.9,742.7,423.7,293.8,846.8,1114.1,1713.4,895.5,233.6,490.8,1014.4,368.2,459.7,2381.4,3265.7,244.3,3266.0,485.2
1292.5,1285.3,1471.9,1337.0,1856.8,1382.6,1604.1,1544.0,1694.5,1473.4,1560.2,1749.5,1381.8,1241.7,1650.2,1216.7,1071.5,1087.8,1182.4,1601.2,1050.9,288.4,236.2,190.2,422.4,120.2,112.8,855.8,0.0,51.4,951.3,1352.7,961.0,881.5,1365.0,577.5,855.0,857.0,1188.7,747.8,1196.6,956.3,1347.5,1310.7,1330.8,289.9,1430.2,1461.5,1272.5,1134.4,891.8,1071.2,1656.8,1133.4,1346.9,1403.5,1750.5,1706.9,1408.7,1664.1,927.2,438.0,1140.8,1149.6,542.1,809.4,1408.7,113.5,950.7,1207.9,709.7,633.2,1315.5,2076.7,2961.0,611.5,2961.3,1341.0
1241.1,1234.0,1420.6,1285.7,1805.5,1331.2,1552.7,1492.7,1643.2,1422.0,1508.9,1698.2,1330.4,1190.4,1598.8,1165.3,1020.1,1036.4,1131.0,1549.9,999.5,237.0,184.9,138.9,371.0,68.8,61.4,804.4,425.9,0.0,899.9,1301.3,909.7,830.1,1313.6,526.2,803.7,805.6,1137.4,696.5,1145.3,904.9,1296.2,1259.4,1279.4,238.6,1378.9,1410.2,1221.2,1083.0,840.5,1019.8,1605.4,1082.0,1295.5,1352.2,1699.1,1655.5,1357.4,1612.8,875.9,386.7,1089.5,1098.2,490.8,758.0,1357.4,62.2,899.3,1156.6,658.4,581.8,1264.2,2025.3,2909.7,560.1,2909.9,1289.6
1657.1,678.2,814.7,679.8,1438.8,725.4,859.4,1126.0,1276.5,728.8,815.6,1004.9,637.2,497.1,905.6,472.1,326.9,343.1,437.8,856.6,1415.5,1130.3,1078.2,1032.1,674.8,962.1,954.7,111.2,841.9,893.3,0.0,1717.3,751.9,831.5,1729.6,942.2,1005.9,112.4,444.1,167.9,674.9,678.2,602.9,566.1,1695.4,551.7,685.6,716.9,527.9,389.7,1256.4,326.6,912.2,388.8,602.3,658.9,1005.8,962.3,664.1,919.5,1291.9,802.7,483.6,405.0,906.7,1174.0,1773.4,955.4,293.5,550.7,1074.3,428.2,570.9,2441.3,3325.6,304.2,3325.9,596.3
101.8,579.0,765.6,630.8,1389.7,676.3,954.3,1077.0,1227.4,823.6,1032.8,1099.8,882.2,742.1,1150.6,717.1,571.9,588.2,682.8,951.5,1134.2,1375.3,1323.2,1277.2,919.9,1207.1,1199.7,356.2,1086.9,1138.3,245.0,0.0,702.9,782.4,1465.8,1187.2,956.8,357.4,689.1,412.9,919.9,923.2,847.9,939.1,63.5,796.7,780.4,811.8,745.1,634.8,1501.5,571.6,1007.0,633.8,847.3,753.8,1100.7,1057.1,909.1,1164.5,1293.5,1047.7,434.5,650.0,1151.7,1419.0,2018.4,1200.5,244.4,501.7,1319.3,673.2,788.1,2442.9,3327.3,549.2,3327.5,841.4
1900.1,632.5,819.1,684.2,895.8,729.8,1007.8,583.0,733.5,877.1,1086.3,1153.2,1212.6,1072.5,1481.0,1047.5,902.3,918.6,1013.2,1004.9,431.3,1552.8,1500.7,1454.7,1353.5,1384.6,1377.2,686.6,1264.4,1315.8,575.4,1960.3,0.0,79.5,762.9,1185.1,253.9,687.8,1019.5,743.3,1250.3,1253.6,1178.3,992.6,1938.4,1127.1,833.9,865.3,798.6,758.0,1499.4,902.0,1060.5,757.0,1177.7,807.2,1154.2,1110.6,1239.5,1591.9,590.6,1225.2,488.0,980.4,1149.7,1417.0,2016.3,1377.9,574.8,555.1,1317.3,1003.6,841.6,1740.0,2624.4,879.6,2624.6,1171.8
1820.5,712.0,898.6,763.8,975.3,809.3,1087.3,662.6,813.0,956.6,1165.8,1232.8,1292.1,1152.1,1560.5,1127.0,981.8,998.1,1092.7,1084.5,351.8,1473.2,1421.1,1375.1,1274.0,1305.1,1297.7,766.1,1184.9,1236.2,654.9,1880.7,79.5,0.0,683.3,1105.6,174.4,767.3,1099.0,822.8,1329.9,1333.2,1257.9,1072.1,1858.8,1417.3,913.4,944.8,878.1,837.5,1419.9,981.5,1140.0,836.5,1257.2,886.8,1233.7,1190.1,1319.1,1671.5,511.1,1145.6,567.5,1059.9,1070.2,1337.4,1936.8,1298.4,654.3,634.7,1237.8,1083.1,921.1,1660.5,2544.8,959.2,2545.1,1251.3
1782.8,1395.4,1582.0,1447.1,1658.7,1492.7,1770.6,1345.9,1496.4,1640.0,1849.2,1916.1,2195.7,2055.6,2464.1,2030.6,1885.3,1901.6,1996.2,1767.8,331.5,1435.5,1383.4,1337.4,1236.3,1267.3,1260.0,1669.7,1147.2,1198.5,1338.3,1843.0,762.9,683.3,0.0,1067.9,508.9,1670.9,2002.6,1561.7,2010.5,1770.1,2161.4,1755.4,1821.1,1379.5,1596.8,1628.1,1561.5,1520.9,1382.2,1885.1,1823.4,1519.9,2160.7,1570.1,1917.0,1873.4,2222.6,2478.0,473.3,1107.9,1250.9,1963.5,1032.4,1299.7,1899.1,1260.7,1337.7,1318.0,1200.0,1447.1,1604.5,1622.8,2507.1,1425.4,2507.3,2154.8
1010.4,1311.4,1498.0,1363.2,1574.7,1408.7,1686.7,1261.9,1412.4,1556.0,1687.1,1832.1,1508.7,1368.7,1777.1,1343.6,1198.4,1214.7,1309.3,1683.8,854.3,748.6,696.5,650.5,549.3,580.4,573.0,982.7,460.2,511.6,1078.2,1070.6,678.9,599.4,1168.3,0.0,572.9,983.9,1315.6,874.8,1323.6,1083.2,1474.5,1437.7,1048.7,692.6,1512.8,1544.2,1399.4,1261.3,609.7,1198.1,1739.4,1260.3,1473.8,1486.2,1833.1,1789.5,1535.7,1791.1,730.6,421.0,1166.9,1276.5,260.0,527.3,1126.6,573.7,1077.6,1234.0,427.6,760.1,1442.4,1880.1,2764.4,738.4,2764.6,1467.9
1646.1,886.4,1073.0,938.2,1149.7,983.7,1261.7,837.0,987.4,1131.0,1340.2,1407.2,1466.5,1326.5,1734.9,1301.4,1156.2,1172.5,1267.1,1258.9,177.4,1298.8,1246.7,1200.7,1099.6,1130.7,1123.3,940.5,1010.5,1061.8,829.4,1706.3,253.9,174.4,508.9,931.2,0.0,941.7,1273.4,997.2,1504.3,1633.5,1432.3,1246.5,1684.4,1242.9,1087.8,1119.2,1052.5,1011.9,1245.5,1155.9,1314.4,1010.9,1431.6,1061.2,1408.1,1364.5,1493.5,1845.9,336.7,971.2,741.9,1234.3,895.8,1163.0,1762.4,1124.0,828.7,809.1,1063.4,1310.4,1095.5,1486.1,2370.4,1288.7,2370.7,1425.7
1598.4,565.8,756.0,621.1,1380.1,666.7,747.1,1067.3,1217.8,616.4,703.2,892.5,524.8,384.7,793.2,359.7,214.5,230.8,325.4,744.2,1356.8,1071.6,1019.5,973.5,616.2,903.4,896.0,1.2,783.2,834.6,235.4,1658.6,693.2,772.8,1670.9,883.5,947.2,0.0,331.7,109.2,562.5,565.8,490.5,453.7,1636.7,493.0,573.2,604.5,415.5,277.4,1197.8,214.2,799.8,276.4,489.9,546.5,893.4,849.9,551.7,807.1,1233.2,744.0,424.9,292.6,848.0,1115.3,1714.7,896.7,234.8,492.0,1015.6,369.5,458.5,2382.6,3266.9,245.5,3267.2,484.0
1930.1,690.9,1087.7,952.8,1711.8,998.4,872.2,1399.0,1549.5,741.5,828.3,1017.6,521.4,381.3,862.1,235.3,117.2,227.3,321.9,869.3,1688.5,1403.3,1351.2,1305.2,947.9,1235.1,1227.7,332.9,1114.9,1166.3,567.1,1990.3,1025.0,1104.5,2002.6,1215.2,1278.9,331.7,0.0,440.9,230.8,547.2,158.8,578.9,1968.4,824.7,698.3,729.7,540.6,402.5,1529.5,339.3,924.9,401.5,158.2,671.7,1018.6,975.0,548.3,803.7,1564.9,1075.7,756.6,39.1,1179.7,1447.0,2046.4,1228.5,566.5,823.7,1347.3,701.2,583.6,2923.9,3808.3,577.2,3808.5,359.6
1489.2,537.5,724.1,589.2,1348.2,634.8,856.2,1035.4,1185.9,725.5,812.4,1001.7,634.0,493.9,902.4,468.9,323.6,339.9,434.5,853.4,1247.6,962.4,910.3,864.3,507.0,794.2,786.8,108.0,674.0,725.4,203.5,1549.4,661.3,740.9,1561.7,774.3,915.3,109.2,440.9,0.0,671.7,583.4,599.7,562.9,1527.5,383.8,682.4,713.7,524.7,386.5,1088.6,323.4,909.0,385.6,599.0,655.7,1002.6,959.0,660.9,916.3,1124.0,634.8,393.0,401.8,738.9,1006.1,1605.5,787.6,202.9,460.1,906.4,260.3,567.7,2273.4,3157.8,136.3,3158.0,593.1
1727.3,1398.7,1585.4,1450.5,2209.5,1496.0,1519.0,1896.7,2047.1,1388.3,1475.2,1664.5,1168.2,1028.2,1458.4,882.2,764.1,874.2,968.8,1516.2,1485.7,1200.5,1148.4,1102.4,745.1,1032.3,1024.9,969.2,912.1,963.5,1064.7,1787.5,1395.8,1316.3,1799.8,1012.4,1289.9,970.4,646.9,861.3,0.0,360.0,755.2,1225.7,1765.6,679.1,1345.2,1376.5,1187.5,1049.3,1326.7,986.1,1571.7,1048.3,754.5,1318.5,1665.4,1621.8,1195.1,1450.6,1362.1,872.9,1254.2,686.0,977.0,1244.2,1843.6,1025.7,1064.1,1321.4,1144.5,746.6,1230.5,2511.5,3395.9,724.9,3396.1,1006.4
1967.7,977.8,1374.6,1239.7,1998.7,1285.3,1159.1,1685.9,1836.4,1028.4,1115.2,1304.5,808.2,668.2,1098.5,522.2,404.1,514.2,608.8,1156.2,1726.1,1440.9,1388.8,1342.8,985.5,1272.7,1265.3,619.8,1152.5,1203.9,854.0,2027.9,1311.8,1391.4,2040.2,1252.8,1565.8,618.6,286.9,727.8,240.4,0.0,395.2,865.7,2006.0,1111.6,985.2,1016.5,827.5,689.3,1567.1,626.2,1211.8,688.4,394.5,958.5,1305.4,1261.9,835.2,1090.6,1602.5,1113.3,1043.5,326.0,1217.3,1484.6,2084.0,1266.1,853.4,1110.6,1384.9,988.0,870.5,2751.9,3636.3,864.1,3636.5,646.4
1799.3,809.4,1206.2,1071.3,1830.3,1116.9,990.7,1517.5,1668.0,860.0,946.8,1136.1,639.9,499.8,930.1,353.8,235.7,345.8,440.4,987.8,1557.7,1272.5,1220.4,1174.4,817.1,1104.3,1097.0,451.4,984.2,1035.5,685.6,1859.5,1143.5,1223.0,1871.8,1084.4,1397.4,450.2,118.5,559.4,72.0,432.0,0.0,697.4,1837.6,751.1,816.8,848.2,659.1,521.0,1398.7,457.8,1043.4,520.0,226.2,790.2,1137.1,1093.5,666.8,922.2,1434.1,944.9,875.1,157.6,1049.0,1316.2,1915.6,1097.7,685.0,942.2,1216.6,819.7,702.1,2583.5,3467.9,695.7,3468.1,478.1
2074.8,500.9,1032.7,857.8,1845.9,943.4,682.2,1533.1,1683.6,551.5,638.4,827.7,819.8,679.7,1088.2,654.7,509.5,525.8,620.4,679.4,1590.4,1548.0,1495.9,1449.9,1092.6,1379.8,1372.4,528.9,1259.6,1311.0,902.6,2135.0,1159.0,1238.6,1921.9,1359.9,1413.0,530.1,626.7,585.6,857.5,860.8,785.5,0.0,2113.1,969.4,508.4,539.7,350.7,310.1,1674.2,416.4,734.9,309.1,784.9,481.7,828.6,785.0,846.7,1144.0,1749.6,1220.4,815.2,587.6,1324.5,1591.7,2191.1,1373.2,902.0,882.3,1492.0,845.9,393.7,2899.1,3783.4,721.9,3783.6,779.0
38.3,515.5,702.1,567.2,1326.2,612.8,890.8,1013.4,1163.9,760.1,969.3,1036.2,818.6,678.6,1087.0,653.5,508.3,524.6,619.2,887.9,1070.7,1311.7,1259.6,1213.6,856.3,1143.6,1136.2,292.6,1023.4,1074.7,181.5,21.9,639.3,718.9,1402.2,1123.6,893.3,293.9,625.6,349.3,856.4,859.7,784.4,875.6,0.0,733.1,716.9,748.2,681.6,571.2,1437.9,508.0,943.5,570.2,783.7,690.2,1037.1,993.6,845.6,1101.0,1229.9,984.1,371.0,586.4,1088.2,1355.5,1954.8,1136.9,180.9,438.1,1255.8,609.6,724.6,2379.4,3263.7,485.7,3263.9,777.8
1227.1,987.9,1174.5,1039.6,1798.6,1085.2,1306.6,1485.8,1636.3,1175.9,1262.8,1452.1,1084.3,944.3,1352.7,919.2,774.0,790.3,884.9,1303.8,985.5,700.3,648.2,602.2,244.9,532.1,524.7,558.3,411.9,463.3,653.8,1287.3,895.7,816.1,1299.6,512.2,789.7,559.6,891.3,450.4,899.2,658.8,1050.1,1013.3,1265.4,0.0,1132.8,1164.1,975.1,836.9,826.5,773.7,1359.3,835.9,1049.4,1106.1,1453.0,1409.4,1111.3,1366.7,861.9,372.7,843.4,852.1,476.8,744.0,1343.4,525.5,653.2,910.5,644.3,335.7,1018.1,2011.3,2895.7,314.0,2895.9,1043.5
2148.3,234.9,621.4,446.5,1434.6,532.0,270.9,1121.8,1272.2,140.2,710.3,416.3,891.8,751.7,1160.2,726.7,581.4,597.7,692.3,268.0,1179.0,1621.5,1569.4,1523.4,1166.1,1453.3,1446.0,602.4,1333.2,1384.5,491.2,2208.5,747.7,827.2,1510.6,1433.4,1001.6,603.6,698.7,659.1,929.5,932.8,857.5,255.7,2186.6,1042.9,0.0,128.3,422.6,382.0,1747.7,488.4,323.6,381.0,856.8,70.3,417.3,373.7,918.7,1191.6,1338.3,1293.9,403.8,659.5,1398.0,1665.2,2264.6,1446.7,490.6,470.9,1565.6,919.4,465.6,2487.7,3372.1,795.4,3372.3,850.9
2231.2,220.7,704.2,529.3,1517.4,614.8,353.7,1204.6,1355.1,223.0,696.1,499.1,877.6,737.5,1146.0,712.5,567.2,583.5,678.1,350.8,1261.8,1704.3,1652.2,1606.2,1248.9,1536.1,1528.8,685.2,1416.0,1467.3,574.0,2291.3,830.5,910.0,1593.4,1516.2,1084.4,686.4,684.5,741.9,915.3,918.6,843.3,241.5,2269.4,1125.7,82.8,0.0,408.4,367.8,1830.5,474.2,406.4,366.8,842.6,153.2,500.1,456.5,904.5,1201.7,1421.1,1376.7,486.6,645.3,1480.8,1748.0,2347.4,1529.5,573.4,553.8,1648.4,1002.2,451.4,2570.5,3454.9,878.3,3455.1,836.7
2134.5,827.7,1359.5,1184.6,2172.7,1270.2,1009.0,1859.9,2010.4,878.3,287.7,817.6,733.1,739.5,1058.8,714.4,569.2,585.5,680.1,1006.2,1917.2,1607.7,1555.6,1509.6,1152.3,1439.5,1432.2,588.6,1319.4,1370.7,771.5,2194.7,1485.8,1565.4,2248.7,1419.6,1739.8,589.8,686.4,645.3,917.3,920.5,845.2,715.7,2172.8,1029.1,835.1,866.5,0.0,539.3,1733.9,476.1,910.4,538.3,844.6,808.5,816.7,860.3,912.3,793.3,1769.3,1280.1,1142.0,647.3,1384.2,1651.4,2250.8,1432.9,770.9,1209.1,1551.8,905.6,43.0,2918.7,3803.1,781.6,3803.3,838.7
1850.6,374.2,906.0,731.1,1719.2,816.7,555.5,1406.4,1556.9,424.8,511.7,701.0,595.6,455.5,864.0,430.5,285.2,301.5,396.1,552.7,1463.7,1323.8,1271.6,1225.6,868.3,1155.6,1148.2,304.7,1035.4,1086.8,775.9,1910.8,1032.4,1111.9,1795.2,1135.7,1286.3,305.9,402.5,361.4,633.3,636.6,561.3,262.2,1888.9,745.2,381.7,413.0,224.0,0.0,1449.9,192.2,608.2,1.0,560.6,355.0,701.9,658.3,622.5,877.9,1622.9,996.1,688.5,363.3,1100.2,1367.5,1966.8,1148.9,775.3,755.6,1267.8,621.6,267.0,2772.4,3656.7,497.7,3657.0,554.7
400.7,855.6,1042.2,907.3,1666.3,952.9,1230.9,1353.5,1504.0,1100.2,1326.1,1376.3,1147.7,1007.7,1416.1,982.6,837.4,853.7,948.3,1228.0,1410.8,1315.8,1263.7,1217.7,860.4,1147.7,1140.3,621.7,1027.5,1078.8,521.6,460.8,979.4,1059.0,1915.1,1127.7,1233.4,622.9,954.6,513.8,1185.5,936.8,1113.5,1076.7,439.0,737.2,1057.0,1088.3,1038.4,900.3,0.0,837.1,1283.6,899.3,1112.8,1030.3,1377.2,1333.7,1174.7,1430.1,1477.4,988.2,711.1,915.5,1092.3,1359.5,516.9,1141.0,521.0,778.2,1259.9,613.7,1081.4,2626.8,3511.2,489.8,3511.4,1106.9
1986.0,412.1,943.9,769.0,1757.1,854.5,593.4,1444.3,1594.8,462.7,549.5,738.8,731.0,590.9,999.4,565.9,420.6,436.9,531.5,590.5,1501.5,1459.2,1407.1,1361.0,1003.7,1291.0,1283.6,440.1,1170.8,1222.2,813.8,2046.2,1070.2,1149.7,1833.1,1271.1,1324.1,441.3,537.9,496.8,768.7,772.0,696.7,300.1,2024.3,880.6,419.5,450.9,261.8,221.2,1585.3,0.0,646.1,220.2,696.0,392.9,739.8,696.2,757.9,1055.2,1660.8,1131.6,726.3,498.8,1235.6,1502.9,2102.3,1284.3,813.2,793.5,1403.2,757.1,304.8,2810.2,3694.6,633.1,3694.8,690.1
2449.4,438.9,922.4,747.5,1735.6,833.0,571.9,1422.8,1573.3,441.2,914.3,92.7,807.8,955.7,1133.5,930.7,785.4,801.7,896.3,569.0,1480.0,1922.5,1870.4,1824.4,1467.1,1754.4,1747.0,903.4,1634.2,1685.5,792.3,2509.5,1048.7,1128.2,1811.6,1734.4,1302.6,904.6,902.7,960.1,1133.5,1136.8,1061.5,459.7,2487.7,1343.9,301.0,332.4,626.6,586.0,2048.7,692.4,0.0,585.0,1060.8,253.2,93.7,50.1,1122.7,868.0,1639.3,1594.9,704.8,863.6,1699.0,1966.3,2565.6,1747.7,791.7,772.0,1866.6,1220.4,669.6,2788.7,3673.1,1096.5,3673.3,1054.9
1849.6,373.3,905.0,730.1,1718.2,815.7,554.5,1405.5,1555.9,423.9,510.7,700.0,594.6,454.5,863.0,429.5,284.3,300.5,395.2,551.7,1462.7,1322.8,1270.7,1224.7,867.4,1154.6,1147.2,303.7,1034.4,1085.8,774.9,1909.8,1031.4,1110.9,1794.3,1134.7,1285.3,304.9,401.5,360.4,632.3,635.6,560.3,261.2,1887.9,744.2,380.7,412.0,223.0,1.0,1449.0,191.2,607.3,0.0,559.7,354.0,700.9,657.3,621.5,876.9,1622.0,995.2,687.5,362.4,1099.2,1366.5,1965.9,1148.0,774.3,754.6,1266.8,620.7,266.0,2771.4,3655.8,496.7,3656.0,553.7
1800.0,810.1,1206.9,1072.0,1831.0,1117.6,991.3,1518.2,1668.7,860.6,947.5,1136.8,640.5,500.5,930.7,354.5,236.4,346.5,441.1,988.5,1558.4,1273.2,1221.1,1175.0,817.7,1105.0,1097.6,452.1,984.8,1036.2,686.3,1860.2,1144.1,1223.6,1872.5,1085.1,1398.1,450.9,119.2,560.0,72.7,432.7,0.7,698.0,1838.3,751.8,817.5,848.8,659.8,521.6,1399.3,458.5,1044.1,520.7,0.0,790.8,1137.7,1094.1,667.5,922.9,1434.8,945.6,875.8,158.3,1049.6,1316.9,1916.3,1098.3,685.6,942.9,1217.2,820.3,702.8,2584.2,3468.5,696.4,3468.8,478.7
2196.1,185.7,669.1,494.2,1482.3,579.8,318.6,1169.6,1320.0,188.0,661.1,346.0,842.5,702.5,1110.9,677.4,532.2,548.5,643.1,315.8,1226.8,1669.3,1617.2,1571.2,1213.9,1501.1,1493.7,650.2,1380.9,1432.3,539.0,2256.3,795.5,875.0,1558.4,1481.2,1049.4,651.4,649.4,706.9,880.3,883.6,808.3,206.4,2234.4,1090.7,47.8,79.1,373.4,332.8,1795.5,439.1,253.2,331.8,807.6,0.0,346.9,303.3,869.5,1121.2,1386.1,1341.7,451.6,610.3,1445.8,1713.0,2312.4,1494.5,538.4,518.7,1613.3,967.2,416.4,2535.5,3419.9,843.2,3420.1,801.7
2543.0,532.6,1016.0,841.1,1829.2,926.7,665.6,1516.5,1666.9,534.9,1008.0,0.9,714.1,1049.4,1039.8,1024.3,879.1,895.4,990.0,662.7,1573.7,2016.2,1964.1,1918.1,1560.8,1848.0,1840.6,997.1,1727.8,1779.2,885.9,2603.2,1142.4,1221.9,1905.3,1828.1,1396.3,998.3,996.4,1053.8,1227.2,1230.5,1155.2,553.4,2581.3,1437.6,394.7,426.0,720.3,679.7,2142.4,786.0,93.7,678.7,1154.5,346.9,0.0,43.6,893.3,774.3,1733.0,1688.6,798.5,957.2,1792.7,2059.9,2659.3,1841.4,885.3,865.6,1960.3,1314.1,763.3,2882.4,3766.8,1190.1,3767.0,1148.6
2499.5,489.0,972.5,797.6,1785.7,883.1,622.0,1472.9,1623.4,491.3,964.4,42.7,757.7,1005.8,1083.4,980.8,835.5,851.8,946.4,619.1,1530.1,1972.6,1920.5,1874.5,1517.2,1804.4,1797.1,953.5,1684.3,1735.6,842.3,2559.6,1098.8,1178.3,1861.7,1784.5,1352.7,954.7,952.8,1010.2,1183.6,1186.9,1111.6,509.8,2537.7,1394.0,351.1,382.4,676.7,636.1,2098.8,742.5,50.1,635.1,1110.9,303.3,43.6,0.0,936.9,817.9,1689.4,1645.0,754.9,913.6,1749.1,2016.3,2615.7,1797.8,841.7,822.1,1916.7,1270.5,719.7,2838.8,3723.2,1146.6,3723.4,1105.0
2406.7,1167.5,1564.3,1429.5,2188.4,1475.0,1348.8,1875.7,2026.1,1218.1,1305.0,921.8,431.2,336.0,241.5,414.0,600.1,490.0,395.4,1346.0,2165.1,1879.9,1827.8,1781.8,1424.5,1711.7,1704.4,809.6,1591.6,1642.9,1043.7,2466.9,1501.6,1581.1,2479.2,1691.8,1755.5,808.3,487.5,917.5,718.4,951.5,646.3,1055.5,2445.0,1301.3,1315.5,1346.9,1017.3,879.1,2006.1,815.9,1014.5,878.1,645.7,1267.7,920.8,964.4,0.0,778.3,2041.5,1552.3,1233.2,515.8,1656.4,1923.6,2523.0,1705.1,1043.1,1300.4,1824.0,1177.8,1060.3,3364.9,4249.2,1053.8,4249.4,453.2
2067.4,1217.1,1613.9,1479.0,2238.0,1524.6,1398.3,1925.2,2075.7,1267.7,1354.5,1040.8,550.1,84.7,360.5,494.0,348.7,238.6,144.0,1395.5,1825.8,1540.6,1488.5,1442.5,1085.2,1372.4,1365.1,859.1,1252.3,1303.6,1093.3,2127.6,1551.1,1630.7,2139.9,1352.5,1630.0,857.9,466.0,967.0,696.8,700.1,624.8,1105.0,2105.7,1019.2,1224.5,1255.8,1066.8,928.6,1666.8,865.5,1133.5,927.7,624.1,1197.8,1039.8,1083.4,119.0,0.0,1702.2,1213.0,1282.8,426.8,1317.1,1584.3,2183.7,1365.8,1092.6,1349.9,1484.7,1086.7,1109.8,2851.6,3736.0,1065.0,3736.2,502.8
1345.1,1223.1,1409.7,1274.8,1486.4,1320.4,1598.4,1173.6,1324.1,1467.7,1676.9,1743.8,1757.9,1617.9,2026.3,1592.9,1447.6,1463.9,1558.5,1595.5,159.3,997.8,945.7,899.7,798.6,829.6,822.2,1231.9,709.4,760.8,1166.0,1405.3,590.6,511.1,473.3,630.2,336.7,1233.2,1564.9,1124.0,1572.8,1332.4,1723.7,1583.2,1383.4,941.8,1424.5,1455.8,1389.2,1348.6,944.4,1447.3,1651.1,1347.6,1723.0,1397.8,1744.7,1701.2,1784.9,2040.3,0.0,670.2,1078.6,1525.7,594.7,862.0,1461.4,823.0,1165.4,1145.7,762.3,1009.3,1432.2,1149.4,2033.8,987.6,2034.0,1717.1
1331.7,1324.6,1511.2,1376.3,1896.1,1421.9,1643.3,1583.3,1733.8,1512.6,1599.5,1788.8,1421.0,1281.0,1689.4,1256.0,1110.7,1127.0,1221.6,1640.5,1090.1,327.6,275.5,229.5,461.7,159.4,152.1,895.0,39.3,90.6,990.6,1391.9,1000.3,920.7,1404.2,616.8,894.3,896.3,1228.0,787.1,1235.9,995.5,1386.8,1350.0,1370.0,329.2,1469.5,1500.8,1311.8,1173.6,931.1,1110.4,1696.0,1172.6,1386.1,1442.8,1789.7,1746.1,1448.0,1703.4,966.5,0.0,1180.1,1188.8,581.4,848.6,1448.0,152.8,989.9,1247.2,749.0,672.4,1354.8,2115.9,3000.3,650.7,3000.5,1380.2
2143.7,430.1,331.1,196.2,1429.9,241.7,627.9,1117.1,1267.6,497.3,883.8,833.7,1123.7,983.7,1392.1,958.6,813.4,829.7,924.3,625.1,1174.3,1616.8,1564.7,1518.7,1161.4,1448.7,1441.3,597.7,1328.5,1379.8,486.6,2203.8,743.0,822.5,1505.9,1428.7,996.9,598.9,930.6,654.4,1161.5,1164.8,1089.5,673.0,2182.0,1038.2,514.3,545.7,596.1,555.5,1743.0,661.9,740.9,554.6,1088.8,487.7,834.6,791.0,1150.7,1389.5,1333.6,1289.2,0.0,891.5,1393.3,1660.5,2259.9,1442.0,485.9,67.1,1560.9,914.7,639.1,2483.0,3367.4,790.8,3367.6,1082.9
1891.0,651.8,1048.6,913.7,1672.7,959.3,833.1,1359.9,1510.4,702.4,789.2,978.5,482.2,342.2,819.9,196.2,78.1,188.2,282.8,830.2,1649.4,1364.2,1312.0,1266.0,908.7,1196.0,1188.6,293.8,1075.8,1127.2,528.0,1951.2,985.8,1065.4,1963.5,1176.1,1239.8,292.6,39.1,401.8,270.0,508.0,197.9,539.7,1929.3,785.6,659.2,690.5,501.5,363.3,1490.3,300.2,885.8,362.4,197.3,632.5,979.4,935.9,509.2,764.6,1525.7,1036.5,717.5,0.0,1140.6,1407.9,2007.2,1189.3,527.4,784.6,1308.2,662.0,544.5,2675.2,3559.5,538.1,3559.8,320.4
750.4,1051.4,1238.0,1103.1,1314.7,1148.7,1426.7,1001.9,1152.4,1296.0,1505.2,1572.1,1544.2,1404.1,1812.6,1379.1,1233.8,1250.1,1344.7,1423.8,490.3,784.0,731.9,685.9,584.8,615.8,608.4,1018.2,495.7,547.0,994.3,810.6,418.9,339.4,821.8,35.4,312.9,1019.4,1351.1,910.2,1359.0,1118.6,1509.9,1411.5,788.7,728.0,1252.8,1284.1,1217.5,1176.9,349.7,1233.5,1479.4,1175.9,1509.2,1226.1,1573.1,1529.5,1571.1,1826.5,649.6,456.4,906.9,1312.0,0.0,267.3,866.6,609.2,993.7,974.0,167.6,795.6,1260.5,1799.0,2683.3,773.9,2683.6,1503.3
483.1,938.0,1124.7,989.8,1748.7,1035.3,1313.3,1436.0,1586.4,1182.6,1408.6,1458.8,1230.2,1090.1,1498.6,1065.1,919.9,936.1,1030.8,1310.5,1493.2,1398.3,1346.2,1300.2,942.9,1230.1,1222.7,704.2,1109.9,1161.3,604.0,543.3,1061.9,1141.4,1997.6,1210.2,1315.8,705.4,1037.1,596.2,1267.9,1019.2,1195.9,1159.1,521.4,819.7,1139.5,1170.8,1120.9,982.7,82.5,919.6,1366.0,981.8,1195.3,1112.8,1459.7,1416.1,1257.1,1512.5,1559.9,1070.7,793.5,998.0,1174.7,0.0,599.4,1223.4,603.4,860.7,1342.3,696.2,1163.9,2709.3,3593.6,572.2,3593.9,1189.3
389.6,844.6,1031.2,896.3,1655.3,941.9,1219.8,1342.5,1493.0,1089.1,1315.1,1365.3,1136.7,996.7,1405.1,971.6,826.4,842.7,937.3,1217.0,1399.7,1304.8,1252.7,1206.7,849.4,1136.6,1129.2,610.7,1016.4,1067.8,510.5,449.8,968.4,1047.9,1904.1,1116.7,1222.3,611.9,943.6,502.7,1174.5,925.8,1102.4,1065.7,427.9,726.2,1046.0,1077.3,1027.4,889.3,1431.0,826.1,1272.5,888.3,1101.8,1019.3,1366.2,1322.6,1163.6,1419.0,1466.4,977.2,700.1,904.5,1081.3,1348.5,0.0,1130.0,509.9,767.2,1248.9,602.7,1070.4,2615.8,3500.2,478.7,3500.4,1095.9
1471.2,1232.0,1418.6,1283.7,2042.7,1329.3,1550.7,1729.9,1880.4,1420.0,1506.9,1696.2,1328.5,1188.4,1596.9,1163.4,1018.1,1034.4,1129.0,1547.9,1229.6,174.8,122.7,76.7,489.0,776.2,768.9,802.4,656.1,707.4,898.0,1531.4,1139.8,1060.2,1543.7,756.3,1033.8,803.7,1135.4,694.5,1143.3,902.9,1294.2,1257.4,1509.5,244.1,1376.9,1408.2,1219.2,1081.0,1070.6,1017.8,1603.4,1080.0,1293.5,1350.2,1697.1,1653.5,1355.4,1610.8,1106.0,616.8,1087.5,1096.2,720.9,988.1,1587.5,0.0,897.4,1154.6,888.5,579.9,1262.2,2255.4,3139.8,558.2,3140.0,1287.6
1657.7,678.8,815.3,680.4,1439.4,726.0,860.1,1126.6,1277.1,729.4,816.2,1005.5,637.8,497.7,906.2,472.7,327.5,343.7,438.4,857.2,1416.1,1130.9,1078.8,1032.8,675.5,962.7,955.3,111.8,842.5,893.9,0.6,1717.9,752.5,832.1,1730.2,942.8,1006.5,113.0,444.7,168.5,675.5,678.8,603.5,566.7,1696.0,552.3,686.2,717.5,528.5,390.3,1257.1,327.2,912.8,389.4,602.9,659.5,1006.4,962.9,664.7,920.1,1292.5,803.3,484.2,405.6,907.3,1174.6,1774.0,956.0,0.0,551.3,1074.9,428.8,571.5,2441.9,3326.2,304.8,3326.5,596.9
2076.5,362.9,263.9,129.1,1362.7,174.6,560.8,1050.0,1200.4,430.1,816.7,766.5,1056.6,916.6,1325.0,891.5,746.3,762.6,857.2,558.0,1107.2,1549.7,1497.6,1451.6,1094.3,1381.5,1374.1,530.6,1261.3,1312.7,419.4,2136.7,675.9,755.4,1438.8,1361.6,929.8,531.8,863.5,587.3,1094.4,1097.6,1022.3,605.9,2114.8,971.1,447.2,478.6,529.0,488.4,1675.9,594.8,673.8,487.4,1021.7,420.6,767.5,723.9,1083.5,1322.3,1266.5,1222.1,332.0,824.4,1326.2,1593.4,2192.8,1374.9,418.8,0.0,1493.8,847.6,572.0,2415.9,3300.3,723.6,3300.5,1015.8
1791.5,883.8,1070.4,935.5,1147.1,981.1,1259.1,834.3,984.8,1128.4,1337.6,1404.5,1463.9,1323.9,1732.3,1298.8,1153.6,1169.9,1264.5,1256.2,322.7,1444.1,1392.0,1346.0,1244.9,1276.0,1268.6,937.9,1155.8,1207.1,826.7,1851.6,251.3,171.8,654.3,1076.5,145.3,939.1,1270.8,994.6,1501.6,1504.9,1429.6,1243.9,1829.7,1388.2,1085.2,1116.6,1049.9,1009.3,1390.8,1153.3,1311.8,1008.3,1429.0,1058.6,1405.5,1361.9,1490.8,1843.2,482.0,1116.5,739.3,1231.7,1041.1,1308.3,1907.7,1269.3,826.1,806.4,0.0,1455.7,1092.9,1631.4,2515.8,1434.0,2516.0,1423.1
1477.1,783.8,970.4,835.6,1594.5,881.1,1102.6,1281.8,1432.2,971.9,1058.7,1248.0,880.3,740.3,1148.7,715.2,570.0,586.3,680.9,1099.7,1235.5,950.2,898.1,852.1,494.8,782.1,774.7,354.3,661.9,713.2,449.8,1537.3,907.7,987.2,1549.5,762.1,1161.6,355.5,687.2,246.3,918.1,571.2,846.0,809.3,1515.4,371.6,928.7,960.1,771.0,632.9,1076.4,569.7,1155.3,631.9,845.4,902.1,1249.0,1205.4,907.2,1162.6,1111.8,622.6,639.3,648.1,726.7,994.0,1593.3,775.4,449.2,706.4,894.3,0.0,814.0,2261.3,3145.6,124.2,3145.8,839.5
2091.5,784.7,1316.5,1141.6,2129.7,1227.2,966.0,1816.9,1967.4,835.3,244.7,774.6,690.1,696.5,1015.8,671.4,526.2,542.5,637.1,963.2,1874.2,1564.7,1512.6,1466.6,1109.3,1396.5,1389.2,545.6,1276.4,1327.7,728.5,2151.7,1442.8,1522.4,2205.7,1376.6,1696.8,546.8,643.4,602.3,874.3,877.5,802.2,672.7,2129.8,986.1,792.1,823.5,634.4,496.3,1690.9,433.1,867.4,495.3,801.6,765.5,773.7,817.3,869.3,750.3,1726.3,1237.1,1099.0,604.3,1341.2,1608.4,2207.8,1389.9,727.9,1166.1,1508.8,862.6,0.0,2875.7,3760.1,738.6,3760.3,795.7
2540.6,2418.6,2605.2,2470.4,2681.9,2515.9,2793.9,2369.2,2519.6,2663.2,2872.4,2939.4,2953.5,2813.5,3371.9,2788.4,2643.2,2659.5,2754.1,2791.1,1354.8,2193.3,2141.2,2095.2,1994.1,2025.2,2017.8,2427.5,1905.0,1956.3,2361.5,2600.8,1786.1,1706.6,1668.9,1825.7,1532.2,2428.7,2937.2,2319.5,2960.7,2528.0,2888.7,2778.7,2578.9,2137.4,2620.0,2651.4,2584.7,2544.1,2140.0,2642.9,2846.6,2543.1,2888.0,2593.4,2940.3,2896.7,2980.4,3235.8,1195.5,1865.7,2274.1,2721.3,1790.3,2057.5,2656.9,2018.5,2360.9,2341.3,1957.9,2204.9,2627.7,0.0,884.4,2183.2,884.6,3009.7
3427.6,3305.6,3492.2,3357.4,3568.9,3402.9,3680.9,3256.2,3406.6,3550.2,3759.4,3826.4,3840.5,3700.4,4258.9,3675.4,3530.2,3546.4,3641.1,3678.0,2241.8,3080.3,3028.2,2982.2,2881.1,2912.2,2904.8,3314.5,2792.0,2843.3,3248.5,3487.8,2673.1,2593.6,2555.9,2712.7,2419.2,3315.7,3824.2,3206.5,3847.7,3415.0,3775.7,3665.7,3465.9,3024.4,3507.0,3538.4,3471.7,3431.1,3027.0,3529.9,3733.6,3430.1,3775.0,3480.4,3827.3,3783.7,3867.4,4122.8,2082.5,2752.7,3161.1,3608.3,2677.3,2944.5,3543.9,2905.5,3247.9,3228.2,2844.9,3091.9,3514.7,887.0,0.0,3070.2,663.5,3896.7
1352.9,673.8,860.4,725.6,1484.5,771.1,992.6,1171.7,1322.2,861.9,948.7,1138.0,770.3,630.3,1038.7,605.2,460.0,476.3,570.9,989.7,1111.3,826.1,773.9,727.9,370.6,657.9,650.5,244.3,537.7,589.1,339.8,1413.1,797.7,877.2,1425.4,638.0,915.4,245.5,577.2,136.3,808.1,447.0,736.0,699.3,1391.2,247.5,818.7,850.1,661.0,522.9,952.2,459.7,1045.3,521.9,735.4,792.1,1139.0,1095.4,797.2,1052.6,987.6,498.5,529.3,538.1,602.5,869.8,1469.2,651.2,339.2,596.4,770.1,123.9,704.0,2137.1,3021.4,0.0,3021.7,729.5
3365.0,3243.0,3429.6,3294.8,3506.3,3340.3,3618.3,3193.6,3344.0,3487.6,3696.8,3763.8,3777.9,3637.8,4196.3,3612.8,3467.6,3483.9,3578.5,3615.4,2179.2,3017.7,2965.6,2919.6,2818.5,2849.6,2842.2,3251.9,2729.4,2780.7,3185.9,3425.2,2610.5,2531.0,2493.3,2650.1,2356.6,3253.1,3761.6,3143.9,3785.1,3352.4,3713.1,3603.1,3403.3,2961.8,3444.4,3475.8,3409.1,3368.5,2964.4,3467.3,3671.0,3367.5,3712.4,3417.8,3764.7,3721.1,3804.8,4060.2,2019.9,2690.1,3098.5,3545.7,2614.7,2881.9,3481.3,2842.9,3185.3,3165.6,2782.3,3029.3,3452.1,824.4,663.5,3007.6,0.0,3834.1
2179.7,940.5,1337.3,1202.5,1961.4,1248.0,1121.8,1648.7,1799.1,991.1,1077.9,1267.3,689.1,594.0,499.4,484.9,366.9,476.9,571.6,1118.9,1938.1,1652.9,1600.8,1554.8,1197.5,1484.7,1477.3,582.5,1364.5,1415.9,816.7,2239.9,1274.6,1354.1,2252.2,1464.8,1528.5,581.3,260.5,690.5,491.3,796.8,419.3,828.5,2218.0,1074.3,947.9,979.3,790.2,652.1,1779.1,588.9,1174.5,651.1,418.7,921.3,1268.2,1224.6,716.1,1111.4,1814.5,1325.3,1006.2,288.7,1429.4,1696.6,2296.0,1478.1,816.1,1073.3,1596.9,950.8,833.2,2996.4,3880.8,826.8,3881.0,0.0
